complex,mutstr,ddG,ddG_pred,fold,key
1ACB,LI38G,6.118068695068359,3.230095148086548,3,1ACB_LI38G
1ACB,LI38S,5.020848274230957,5.3637847900390625,3,1ACB_LI38S
1ACB,LI38P,6.94906759262085,7.462890625,3,1ACB_LI38P
1ACB,LI38I,4.2901506423950195,4.625597953796387,3,1ACB_LI38I
1ACB,LI38D,6.866745948791504,7.398822784423828,3,1ACB_LI38D
1ACB,LI38E,6.646428108215332,6.077847957611084,3,1ACB_LI38E
1Y34,AI41E,-3.054218292236328,-3.353785276412964,3,1Y34_AI41E
1Y3C,AI43R,-1.2561542987823486,-1.6128342151641846,3,1Y3C_AI43R
1Y48,AI46R,-3.756010055541992,-5.363489627838135,3,1Y48_AI46R
1B3S,AA102H,-5.68190336227417,-5.941057205200195,3,1B3S_AA102H
1B3S,FD30Y,0.5960938334465027,-0.0748487338423729,3,1B3S_FD30Y
1B3S,"AA102H,FD30Y",-5.549701690673828,-5.0807905197143555,3,"1B3S_AA102H,FD30Y"
1M9E,AD76H,-1.009981393814087,-1.4119033813476562,3,1M9E_AD76H
2GYK,AA49D,-5.918128490447998,-3.13917875289917,3,2GYK_AA49D
2B0Z,IB87F,-2.528998613357544,-1.680562973022461,3,2B0Z_IB87F
2B11,WB87F,-0.7541710138320923,0.7530446648597717,3,2B11_WB87F
2PCC,DA34A,-0.8970479965209961,0.6232121586799622,3,2PCC_DA34A
2PCC,VA197A,2.1026816368103027,1.0738935470581055,3,2PCC_VA197A
2PCC,EA290A,6.202554702758789,0.5701425075531006,3,2PCC_EA290A
2PCC,KB92A,0.9018709659576416,0.8572788834571838,3,2PCC_KB92A
2PCC,"KB92A,DA34A",0.20301209390163422,1.9740794897079468,3,"2PCC_KB92A,DA34A"
2PCC,"KB92A,VA197A",1.5015023946762085,2.4562227725982666,3,"2PCC_KB92A,VA197A"
2PCC,KB77A,0.30366912484169006,0.462645947933197,3,2PCC_KB77A
2PCC,"KB77A,VA197A",2.800978183746338,1.4853440523147583,3,"2PCC_KB77A,VA197A"
2PCC,"KB77A,EA290A",1.102177381515503,0.6213022470474243,3,"2PCC_KB77A,EA290A"
2PCC,AB86G,1.9018551111221313,-1.1883792877197266,3,2PCC_AB86G
2PCC,"AB86G,DA34A",-0.0978018268942833,0.08027424663305283,3,"2PCC_AB86G,DA34A"
2PCC,"AB86G,VA197A",2.1026816368103027,0.6410501599311829,3,"2PCC_AB86G,VA197A"
2AJF,KE22R,-0.007359746843576431,-0.4255206286907196,3,2AJF_KE22R
2AJF,FE38S,-0.08225392550230026,0.16271936893463135,3,2AJF_FE38S
2AJF,NE151K,2.0126030445098877,0.20214185118675232,3,2AJF_NE151K
2AJF,TE159S,1.8239344358444214,-0.15082144737243652,3,2AJF_TE159S
2A9K,GB55D,2.317685842514038,0.19245345890522003,3,2A9K_GB55D
2A9K,EB65A,3.0309817790985107,1.0626165866851807,3,2A9K_EB65A
1N8O,ME80L,-0.0624210461974144,-1.0540765523910522,3,1N8O_ME80L
1N8O,ME80K,1.4597147703170776,3.797489881515503,3,1N8O_ME80K
1N8O,ME80R,1.34917151927948,4.0076518058776855,3,1N8O_ME80R
1XXM,"AC74K,AC142F,AC143Y,AA79E,AA80Y",-2.412727117538452,-3.3334672451019287,3,"1XXM_AC74K,AC142F,AC143Y,AA79E,AA80Y"
1S0W,AC142F,-2.102992057800293,-3.344093084335327,3,1S0W_AC142F
3BN9,QB23A,-0.41549280285835266,0.06710847467184067,3,3BN9_QB23A
3BN9,IB26A,0.0,0.04310470074415207,3,3BN9_IB26A
3BN9,IB45A,0.8355894684791565,0.06619476526975632,3,3BN9_IB45A
3BN9,DB46A,0.4225773811340332,0.5137820839881897,3,3BN9_DB46A
3BN9,DB47A,0.3112468421459198,2.231978178024292,3,3BN9_DB47A
3BN9,RB48A,-0.04501800239086151,0.6765264868736267,3,3BN9_RB48A
3BN9,FB50A,-0.04501800239086151,-0.2052856683731079,3,3BN9_FB50A
3BN9,RB51A,-0.07158980518579483,0.6431962251663208,3,3BN9_RB51A
3BN9,YB52A,0.01896008290350437,0.3740617632865906,3,3BN9_YB52A
3BN9,RB82A,-0.1593041568994522,0.009160643443465233,3,3BN9_RB82A
3BN9,FB89A,0.6395281553268433,0.676788330078125,3,3BN9_FB89A
3BN9,NB90A,0.7736906409263611,0.46338754892349243,3,3BN9_NB90A
3BN9,DB91A,6.698209762573242,1.4117345809936523,3,3BN9_DB91A
3BN9,FB92A,6.698209762573242,1.1652717590332031,3,3BN9_FB92A
3BN9,TB93A,1.1325596570968628,0.5305169820785522,3,3BN9_TB93A
3BN9,HB138A,0.0851014032959938,0.7175683379173279,3,3BN9_HB138A
3BN9,QB140A,0.1331643909215927,0.2097659707069397,3,3BN9_QB140A
3BN9,YB141A,1.085138201713562,1.6610603332519531,3,3BN9_YB141A
3BN9,TB144A,0.29096534848213196,0.11135751754045486,3,3BN9_TB144A
3BN9,LB147A,0.3363426923751831,0.5080599188804626,3,3BN9_LB147A
3BN9,EB163A,0.3733830153942108,0.4673881232738495,3,3BN9_EB163A
3BN9,QB168A,-0.0347142294049263,0.7193192839622498,3,3BN9_QB168A
3BN9,QB169A,2.510108232498169,0.5054827928543091,3,3BN9_QB169A
3BN9,DB214A,0.5664650201797485,2.8282432556152344,3,3BN9_DB214A
3BN9,QB218A,0.7060266137123108,0.3513737916946411,3,3BN9_QB218A
3BN9,RB219A,-0.09374012798070908,0.1763734519481659,3,3BN9_RB219A
3BN9,KB221A,0.7853204011917114,0.5316714644432068,3,3BN9_KB221A
3BN9,TD28R,0.33305492997169495,0.2714332044124603,3,3BN9_TD28R
3BN9,SD30G,1.1866379976272583,-0.9169226884841919,3,3BN9_SD30G
3BN9,SD30N,1.1460179090499878,-0.4365733861923218,3,3BN9_SD30N
3BN9,TD102Q,-0.021546082571148872,-0.10529588907957077,3,3BN9_TD102Q
3BN9,TD102R,-0.058321017771959305,-0.30256444215774536,3,3BN9_TD102R
3BN9,YD103S,0.4588911235332489,0.34565049409866333,3,3BN9_YD103S
3BN9,PD104H,2.4283416271209717,0.5391356945037842,3,3BN9_PD104H
3BN9,QD105V,1.2246508598327637,0.41043776273727417,3,3BN9_QD105V
1DQJ,YC20A,3.287179470062256,5.469472885131836,3,1DQJ_YC20A
1DQJ,RC21A,1.1690744161605835,3.32417893409729,3,1DQJ_RC21A
1DQJ,WC63A,1.3468719720840454,0.22857379913330078,3,1DQJ_WC63A
1DQJ,KC97A,3.5212817192077637,7.385397434234619,3,1DQJ_KC97A
1DQJ,DC101A,1.4530574083328247,1.390040636062622,3,1DQJ_DC101A
1DQJ,YC20A,3.287179470062256,5.454251289367676,3,1DQJ_YC20A
1DQJ,RC21A,1.259554386138916,3.1402056217193604,3,1DQJ_RC21A
1DQJ,WC62A,0.7584180235862732,0.8022246956825256,3,1DQJ_WC62A
1DQJ,WC63A,1.3468719720840454,0.22842559218406677,3,1DQJ_WC63A
1DQJ,LC75A,1.4530574083328247,0.5377771854400635,3,1DQJ_LC75A
1DQJ,TC89A,0.8412202596664429,0.4340117573738098,3,1DQJ_TC89A
1DQJ,NC93A,0.6501642465591431,0.486247181892395,3,1DQJ_NC93A
1DQJ,KC96A,6.158576488494873,7.525716304779053,3,1DQJ_KC96A
1DQJ,KC97A,3.5212817192077637,5.8624162673950195,3,1DQJ_KC97A
1DQJ,SC100A,0.7759302258491516,0.39572030305862427,3,1DQJ_SC100A
1DQJ,DC101A,1.3012763261795044,2.0864436626434326,3,1DQJ_DC101A
1DQJ,NA31A,2.0143353939056396,2.1934211254119873,3,1DQJ_NA31A
1DQJ,NA32A,4.092513084411621,5.746248722076416,3,1DQJ_NA32A
1DQJ,YA50A,2.6794981956481934,1.460561990737915,3,1DQJ_YA50A
1DQJ,SA91A,1.4325294494628906,0.6931067109107971,3,1DQJ_SA91A
1DQJ,YA96A,1.1355592012405396,4.091480255126953,3,1DQJ_YA96A
1DQJ,DB32A,2.0143353939056396,0.9340717196464539,3,1DQJ_DB32A
1DQJ,YB33A,5.526938438415527,7.256147384643555,3,1DQJ_YB33A
1DQJ,YB50A,6.891109943389893,5.7230753898620605,3,1DQJ_YB50A
1DQJ,YB53A,1.1808065176010132,3.0982825756073,3,1DQJ_YB53A
1DQJ,WB98A,4.9337334632873535,6.080405235290527,3,1DQJ_WB98A
1DQJ,"NA32A,KC96A",5.804446220397949,8.11895751953125,3,"1DQJ_NA32A,KC96A"
1DQJ,"SA91A,RC21A",3.172151565551758,3.9645841121673584,3,"1DQJ_SA91A,RC21A"
1DQJ,"SA91A,YC20A",3.5746920108795166,5.781500339508057,3,"1DQJ_SA91A,YC20A"
1DQJ,"YA96A,RC21A",3.486760139465332,7.129249572753906,3,"1DQJ_YA96A,RC21A"
1DQJ,"YA96A,SC100A",0.9138562679290771,3.679645299911499,3,"1DQJ_YA96A,SC100A"
1DQJ,"DB32A,KC97A",1.1228859424591064,7.159275054931641,3,"1DQJ_DB32A,KC97A"
1DQJ,"YB53A,WC62A",1.286884069442749,5.062664031982422,3,"1DQJ_YB53A,WC62A"
1DQJ,"YB53A,WC63A",2.2002170085906982,4.413257122039795,3,"1DQJ_YB53A,WC63A"
1DQJ,"YB53A,LC75A",1.2174066305160522,3.830789804458618,3,"1DQJ_YB53A,LC75A"
1DQJ,"YB53A,DC101A",2.728342294692993,3.6242215633392334,3,"1DQJ_YB53A,DC101A"
1DQJ,"WB98A,SC100A",5.364646911621094,5.470283508300781,3,"1DQJ_WB98A,SC100A"
1DQJ,"WB98A,KC97A",6.6630682945251465,6.562783241271973,3,"1DQJ_WB98A,KC97A"
1DQJ,"WB98A,YC20A",5.114386558532715,7.145486831665039,3,"1DQJ_WB98A,YC20A"
2G2W,KA79D,0.4528871178627014,1.238527536392212,3,2G2W_KA79D
1CBW,TI11A,0.19993937015533447,0.24320587515830994,3,1CBW_TI11A
1CBW,GI12A,0.6015963554382324,2.433962345123291,3,1CBW_GI12A
1CBW,PI13A,-0.09973058849573135,1.465461015701294,3,1CBW_PI13A
1CBW,KI15A,2.0023953914642334,2.4951419830322266,3,1CBW_KI15A
1CBW,RI17A,0.5013869404792786,2.816798686981201,3,1CBW_RI17A
1CBW,II19A,0.09961305558681488,3.0865132808685303,3,1CBW_II19A
1CBW,RI20A,0.3009684085845947,2.0538997650146484,3,1CBW_RI20A
1CBW,VI34A,0.0,3.539973258972168,3,1CBW_VI34A
1CBW,YI35A,0.8011558651924133,2.518125534057617,3,1CBW_YI35A
1CBW,GI36A,0.9012055397033691,2.991990804672241,3,1CBW_GI36A
1CBW,GI37A,0.8011558651924133,2.1800224781036377,3,1CBW_GI37A
1CBW,RI39A,0.19993937015533447,2.5858352184295654,3,1CBW_RI39A
1CBW,KI46A,0.09961305558681488,1.0920283794403076,3,1CBW_KI46A
1CBW,TI11A,0.22198787331581116,0.2224077582359314,3,1CBW_TI11A
1CBW,GI12A,0.6857352256774902,2.4376308917999268,3,1CBW_GI12A
1CBW,PI13A,-0.05646670609712601,1.4847378730773926,3,1CBW_PI13A
1CBW,KI15A,2.0150461196899414,3.007655620574951,3,1CBW_KI15A
1CBW,RI17A,0.5535333752632141,2.695444345474243,3,1CBW_RI17A
1CBW,II18A,1.4157211780548096,4.350648880004883,3,1CBW_II18A
1CBW,II19A,0.14287693798542023,3.84328556060791,3,1CBW_II19A
1CBW,RI20A,0.3541897237300873,2.0578339099884033,3,1CBW_RI20A
1CBW,FI33A,0.14287693798542023,1.529151201248169,3,1CBW_FI33A
1CBW,VI34A,0.051550064235925674,1.9896001815795898,3,1CBW_VI34A
1CBW,YI35A,0.8850788474082947,2.569814920425415,3,1CBW_YI35A
1CBW,GI36A,0.9641897678375244,3.1610114574432373,3,1CBW_GI36A
1CBW,GI37A,0.8213128447532654,1.6837265491485596,3,1CBW_GI37A
1CBW,RI39A,0.22198787331581116,2.81603741645813,3,1CBW_RI39A
1CBW,KI46A,0.14287693798542023,1.0694139003753662,3,1CBW_KI46A
1CBW,KI15G,4.156491279602051,0.0025490429252386093,3,1CBW_KI15G
1CBW,KI15A,2.2109150886535645,6.151848793029785,3,1CBW_KI15A
1CBW,KI15S,3.4258387088775635,2.9906888008117676,3,1CBW_KI15S
1CBW,KI15V,2.1575517654418945,2.0634994506835938,3,1CBW_KI15V
1CBW,KI15T,2.107856035232544,1.626213788986206,3,1CBW_KI15T
1CBW,KI15D,5.2708024978637695,7.607439994812012,3,1CBW_KI15D
1CBW,KI15N,1.337599277496338,0.33548808097839355,3,1CBW_KI15N
1CBW,KI15M,-1.4417990446090698,1.1019694805145264,3,1CBW_KI15M
1CBW,KI15I,2.9615907669067383,1.5686016082763672,3,1CBW_KI15I
1CBW,KI15L,-1.5974150896072388,-0.4074717164039612,3,1CBW_KI15L
1CBW,KI15E,3.9066314697265625,3.4865458011627197,3,1CBW_KI15E
1CBW,KI15Q,0.3088434040546417,1.664919137954712,3,1CBW_KI15Q
1CBW,KI15H,0.1001696065068245,4.649333953857422,3,1CBW_KI15H
1CBW,KI15R,-0.6204861998558044,1.8956538438796997,3,1CBW_KI15R
1CBW,KI15F,-1.9846572875976562,-0.3596351146697998,3,1CBW_KI15F
1CBW,KI15Y,-2.641486644744873,1.0158509016036987,3,1CBW_KI15Y
1CBW,KI15W,-2.4610352516174316,4.026037693023682,3,1CBW_KI15W
1Z7X,YW434A,5.955931186676025,3.0748648643493652,3,1Z7X_YW434A
1Z7X,DW435A,3.66243052482605,3.7352311611175537,3,1Z7X_DW435A
1Z7X,YW437A,2.6241354942321777,5.247783660888672,3,1Z7X_YW437A
1Z7X,"QW430A,VW432A",0.9395740032196045,0.4775139093399048,3,"1Z7X_QW430A,VW432A"
1Z7X,"WW438A,SW439A,EW440A",1.972199559211731,1.4259843826293945,3,"1Z7X_WW438A,SW439A,EW440A"
1Z7X,RW457A,0.8482471108436584,-0.10975276678800583,3,1Z7X_RW457A
1Z7X,IW459A,0.33742108941078186,1.0691602230072021,3,1Z7X_IW459A
1Z7X,EW206A,1.018684983253479,0.9919993281364441,3,1Z7X_EW206A
1Z7X,WW261A,1.3359538316726685,1.6098568439483643,3,1Z7X_WW261A
1Z7X,WW263A,2.2124183177948,1.7853517532348633,3,1Z7X_WW263A
1Z7X,EW287A,1.3213245868682861,0.18460039794445038,3,1Z7X_EW287A
1Z7X,SW289A,0.8143835067749023,0.14292344450950623,3,1Z7X_SW289A
1Z7X,WW318A,0.9934704303741455,1.9551379680633545,3,1Z7X_WW318A
1Z7X,KW320A,1.3213245868682861,-0.06063636392354965,3,1Z7X_KW320A
1Z7X,EW344A,1.5615432262420654,0.35736384987831116,3,1Z7X_EW344A
1Z7X,WW375A,1.6695599555969238,1.9591519832611084,3,1Z7X_WW375A
1Z7X,EW401A,1.3063249588012695,1.078993320465088,3,1Z7X_EW401A
1Z7X,YW434F,0.12062260508537292,1.3565716743469238,3,1Z7X_YW434F
1Z7X,YW437F,2.166057586669922,0.919428288936615,3,1Z7X_YW437F
1Z7X,"YW434A,DW435A",7.171210765838623,6.252712249755859,3,"1Z7X_YW434A,DW435A"
1Z7X,"YW434A,YW437A",7.240991592407227,6.974244594573975,3,"1Z7X_YW434A,YW437A"
3MZG,HA33A,0.20430143177509308,0.1870701164007187,3,3MZG_HA33A
3MZG,HA33A,0.03743046522140503,0.17426767945289612,3,3MZG_HA33A
3MZG,HA33A,0.09897152334451675,0.1870701164007187,3,3MZG_HA33A
3MZG,HA33A,0.15346455574035645,0.1870701164007187,3,3MZG_HA33A
3MZG,HA33A,0.17804041504859924,0.18833480775356293,3,3MZG_HA33A
3MZG,HA33A,0.16688379645347595,0.17426767945289612,3,3MZG_HA33A
3MZG,HA46A,0.033863615244627,0.5226732492446899,3,3MZG_HA46A
3MZG,HA46A,0.5680727958679199,0.5226732492446899,3,3MZG_HA46A
3MZG,HA46A,0.562376081943512,0.5226732492446899,3,3MZG_HA46A
3MZG,HA46A,0.604783296585083,0.5159112811088562,3,3MZG_HA46A
3MZG,HA46A,0.42363035678863525,0.5169579982757568,3,3MZG_HA46A
3MZG,HA46A,0.25973644852638245,0.5159112215042114,3,3MZG_HA46A
3MZG,HA84A,-0.0624210461974144,0.8593153357505798,3,3MZG_HA84A
3MZG,HA84A,0.010214941576123238,0.9157766103744507,3,3MZG_HA84A
3MZG,HA84A,0.03307567536830902,0.8604899048805237,3,3MZG_HA84A
3MZG,HA84A,0.1905435174703598,0.8593153357505798,3,3MZG_HA84A
3MZG,HA84A,0.20338982343673706,0.9157766103744507,3,3MZG_HA84A
3MZG,HA84A,0.10136527568101883,0.8604899048805237,3,3MZG_HA84A
3MZG,HA125A,-0.39687785506248474,0.03293917328119278,3,3MZG_HA125A
3MZG,HA125A,-0.46173831820487976,0.03293917328119278,3,3MZG_HA125A
3MZG,HA125A,-0.1527513712644577,0.03182411938905716,3,3MZG_HA125A
3MZG,HA125A,0.05744243040680885,0.03144869953393936,3,3MZG_HA125A
3MZG,HA125A,0.16824759542942047,0.03144869953393936,3,3MZG_HA125A
3MZG,HA125A,0.09897152334451675,0.03293917328119278,3,3MZG_HA125A
3MZG,HA160A,0.12519049644470215,0.32439374923706055,3,3MZG_HA160A
3MZG,HA160A,1.090846061706543,0.2908884882926941,3,3MZG_HA160A
3MZG,HA160A,1.2168970108032227,0.32439374923706055,3,3MZG_HA160A
3MZG,HA160A,1.2081542015075684,0.32439374923706055,3,3MZG_HA160A
3MZG,HA160A,1.0331718921661377,0.2908884882926941,3,3MZG_HA160A
3MZG,HA160A,0.8676430583000183,0.28314512968063354,3,3MZG_HA160A
3MZG,HA182A,-0.2611351013183594,0.3634769320487976,3,3MZG_HA182A
3MZG,HA182A,0.36605143547058105,0.32574179768562317,3,3MZG_HA182A
3MZG,HA182A,0.6841716170310974,0.24877405166625977,3,3MZG_HA182A
3MZG,HA182A,0.6901730895042419,0.24877405166625977,3,3MZG_HA182A
3MZG,HA14A,-0.09132687747478485,1.1368470191955566,3,3MZG_HA14A
3MZG,HA14A,-0.14770087599754333,0.8016788363456726,3,3MZG_HA14A
3MZG,HA14A,-0.37473925948143005,0.8016788363456726,3,3MZG_HA14A
3MZG,HA14A,-0.19875149428844452,0.7914571762084961,3,3MZG_HA14A
3MZG,HA14A,-0.1678786277770996,0.7914571762084961,3,3MZG_HA14A
3MZG,HA14A,-0.07655175030231476,0.8016788363456726,3,3MZG_HA14A
3MZG,HA14A,0.1265324056148529,0.7914571762084961,3,3MZG_HA14A
3MZG,HA14A,0.123016357421875,0.7914571166038513,3,3MZG_HA14A
3MZG,HA14A,0.2917686700820923,1.1368467807769775,3,3MZG_HA14A
3MZG,HA14A,0.3238008916378021,1.1368467807769775,3,3MZG_HA14A
3MZG,HA167A,-0.6862740516662598,1.461917757987976,3,3MZG_HA167A
3MZG,HA167A,0.7340859770774841,1.4667651653289795,3,3MZG_HA167A
3MZG,HA167A,1.669722080230713,1.461917757987976,3,3MZG_HA167A
3MZG,HA167A,1.445011854171753,1.461917757987976,3,3MZG_HA167A
3MZG,HA167A,1.481518030166626,1.5690176486968994,3,3MZG_HA167A
3MZG,HA167A,1.8215218782424927,1.5690176486968994,3,3MZG_HA167A
3MZG,HA167A,1.6300702095031738,1.5690176486968994,3,3MZG_HA167A
3MZG,HA167A,1.6149024963378906,1.5690176486968994,3,3MZG_HA167A
3MZG,HA167A,1.5354089736938477,1.461917757987976,3,3MZG_HA167A
3MZG,HA17A,-0.8744037747383118,-0.16148151457309723,3,3MZG_HA17A
3MZG,HA17A,-0.297102689743042,0.11670494824647903,3,3MZG_HA17A
3MZG,HA17A,-0.22198787331581116,0.12351132184267044,3,3MZG_HA17A
3MZG,HA17A,0.09047991037368774,0.12351132184267044,3,3MZG_HA17A
3MZG,HA17A,0.2870479226112366,0.11670494824647903,3,3MZG_HA17A
3MZG,HA17A,0.28069448471069336,0.12351132184267044,3,3MZG_HA17A
3MZG,HA17A,0.28546592593193054,-0.154930979013443,3,3MZG_HA17A
3MZG,HA17A,0.3632349669933319,-0.154930979013443,3,3MZG_HA17A
3MZG,HA17A,0.38309553265571594,-0.16148151457309723,3,3MZG_HA17A
3MZG,HA17A,0.3238008916378021,0.11670494824647903,3,3MZG_HA17A
3MZG,HB188A,-0.44731462001800537,0.11444316059350967,3,3MZG_HB188A
3MZG,HB188A,1.056810736656189,0.11252424865961075,3,3MZG_HB188A
3MZG,HB188A,2.0351312160491943,0.5409067869186401,3,3MZG_HB188A
3MZG,HB188A,1.92812979221344,0.11252424865961075,3,3MZG_HB188A
3MZG,HB188A,2.0941569805145264,0.545965850353241,3,3MZG_HB188A
3MZG,HB188A,2.4425549507141113,0.5409067869186401,3,3MZG_HB188A
3MZG,HB188A,2.2926394939422607,0.545965850353241,3,3MZG_HB188A
3MZG,HB188A,2.342900276184082,0.5409067869186401,3,3MZG_HB188A
3MZG,HB188A,2.2499032020568848,0.5409067869186401,3,3MZG_HB188A
3MZG,HA167A,0.26777946949005127,1.461917757987976,3,3MZG_HA167A
3MZG,HA167A,0.7765509486198425,1.565138816833496,3,3MZG_HA167A
3MZG,HA167A,1.0553276538848877,1.569017767906189,3,3MZG_HA167A
3MZG,HA167A,1.7124065160751343,1.4667649269104004,3,3MZG_HA167A
3MZG,HA167A,2.0376904010772705,1.565138816833496,3,3MZG_HA167A
3MZG,HA167A,2.2031702995300293,1.565138816833496,3,3MZG_HA167A
3MZG,HA167A,2.0335617065429688,1.4667651653289795,3,3MZG_HA167A
3MZG,HA167A,2.455331325531006,1.5690176486968994,3,3MZG_HA167A
3MZG,HA167A,2.272951126098633,1.565138816833496,3,3MZG_HA167A
3MZG,HA167A,2.2118194103240967,1.4667651653289795,3,3MZG_HA167A
3MZG,"HA167A,HB188A",-0.2372637242078781,1.3477270603179932,3,"3MZG_HA167A,HB188A"
3MZG,"HA167A,HB188A",1.3352652788162231,1.6057660579681396,3,"3MZG_HA167A,HB188A"
3MZG,"HA167A,HB188A",2.802323579788208,1.3572449684143066,3,"3MZG_HA167A,HB188A"
3MZG,"HA167A,HB188A",2.929168939590454,1.6057660579681396,3,"3MZG_HA167A,HB188A"
3MZG,"HA167A,HB188A",3.330226421356201,1.6057660579681396,3,"3MZG_HA167A,HB188A"
3MZG,"HA167A,HB188A",3.4945363998413086,1.3572449684143066,3,"3MZG_HA167A,HB188A"
3MZG,"HA167A,HB188A",3.46814227104187,1.6057660579681396,3,"3MZG_HA167A,HB188A"
3MZG,"HA167A,HB188A",3.392699718475342,1.6057660579681396,3,"3MZG_HA167A,HB188A"
3MZG,"HA167A,HB188A",3.3738555908203125,1.6057660579681396,3,"3MZG_HA167A,HB188A"
3N06,AA14H,0.09132687747478485,-0.9731156826019287,3,3N06_AA14H
3N06,AA14H,0.14770087599754333,-0.6091694831848145,3,3N06_AA14H
3N06,AA14H,0.37473925948143005,-0.9869703650474548,3,3N06_AA14H
3N06,AA14H,0.19875149428844452,-0.6091694831848145,3,3N06_AA14H
3N06,AA14H,0.1678786277770996,-0.6091694831848145,3,3N06_AA14H
3N06,AA14H,0.07655175030231476,-0.6011931300163269,3,3N06_AA14H
3N06,AA14H,-0.1265324056148529,-0.6091694831848145,3,3N06_AA14H
3N06,AA14H,-0.123016357421875,-0.9869703650474548,3,3N06_AA14H
3N06,AA14H,-0.2917686700820923,-0.9731156826019287,3,3N06_AA14H
3N06,AA14H,-0.3238008916378021,-0.9731156826019287,3,3N06_AA14H
3NCC,AB188H,0.44731462001800537,-0.2010190784931183,3,3NCC_AB188H
3NCC,AB188H,-1.056810736656189,-0.2010190784931183,3,3NCC_AB188H
3NCC,AB188H,-2.0351312160491943,-0.2010190784931183,3,3NCC_AB188H
3NCC,AB188H,-1.92812979221344,-0.6586506962776184,3,3NCC_AB188H
3NCC,AB188H,-2.0941569805145264,-0.20724233984947205,3,3NCC_AB188H
3NCC,AB188H,-2.4425549507141113,-0.658650815486908,3,3NCC_AB188H
3NCC,AB188H,-2.2926394939422607,-0.2072424292564392,3,3NCC_AB188H
3NCC,AB188H,-2.342900276184082,-0.2010190784931183,3,3NCC_AB188H
3NCC,AB188H,-2.2499032020568848,-0.2010190784931183,3,3NCC_AB188H
1SMF,EI8A,1.0128092765808105,0.4950407147407532,3,1SMF_EI8A
1SMF,SI4A,1.899971604347229,0.2390519678592682,3,1SMF_SI4A
1SMF,TI2A,2.0460517406463623,3.588017225265503,3,1SMF_TI2A
1SMF,II5A,3.5114190578460693,1.774030089378357,3,1SMF_II5A
1SMF,KI3A,5.689055919647217,5.490363597869873,3,1SMF_KI3A
3BTF,FI13K,-7.027210712432861,-8.156266212463379,3,3BTF_FI13K
3BTG,GI13K,-12.352226257324219,-13.477644920349121,3,3BTG_GI13K
3BTH,HI13K,-8.781781196594238,-11.805532455444336,3,3BTH_HI13K
3BTW,WI13K,-8.664118766784668,-10.626367568969727,3,3BTW_WI13K
2SGQ,QI13L,-2.6035408973693848,-2.5343480110168457,3,2SGQ_QI13L
2NU4,KI13L,-3.1820759773254395,-3.1648154258728027,3,2NU4_KI13L
2J12,SA116A,0.9535146951675415,0.27682924270629883,3,2J12_SA116A
1P69,SA15P,0.793380618095398,0.6681665182113647,3,1P69_SA15P
2PYE,"QD52T,SD53P,SD54W,GE50A,AE51I,GE52Q",-4.409873008728027,-4.728292942047119,3,"2PYE_QD52T,SD53P,SD54W,GE50A,AE51I,GE52Q"
2PYE,"QD52P,SD53F,SD54W,GE50S,AE51V,TE53M,LD96T,LD97S,DD98G,TD100S,LE95V",-2.4471678733825684,-1.1948174238204956,3,"2PYE_QD52P,SD53F,SD54W,GE50S,AE51V,TE53M,LD96T,LD97S,DD98G,TD100S,LE95V"
2PYE,"TE53I,LD96T,LD97S,DD98G,TD100S,LE95V",3.5460093021392822,5.365553855895996,3,"2PYE_TE53I,LD96T,LD97S,DD98G,TD100S,LE95V"
2PYE,"YD32D,TE53I,LD96T,LD97S,DD98G,TD100S,LE95V",3.368211507797241,9.40805721282959,3,"2PYE_YD32D,TE53I,LD96T,LD97S,DD98G,TD100S,LE95V"
2PYE,"YD32D,QD52T,SD53P,SD54W,GE50A,AE51I,GE52Q",3.1977736949920654,1.4879536628723145,3,"2PYE_YD32D,QD52T,SD53P,SD54W,GE50A,AE51I,GE52Q"
4L3E,"YD26D,WE95L",3.5434513092041016,4.572292327880859,3,"4L3E_YD26D,WE95L"
4L3E,RA65A,1.3017500638961792,2.7083120346069336,3,4L3E_RA65A
4L3E,YE48A,2.228330373764038,1.4161643981933594,3,4L3E_YE48A
4L3E,"RA65A,YE48A",3.809299945831299,5.858724594116211,3,"4L3E_RA65A,YE48A"
4L3E,"RA65A,YD26A",4.440748691558838,5.8407368659973145,3,"4L3E_RA65A,YD26A"
4L3E,YD26A,2.784808874130249,3.8731331825256348,3,4L3E_YD26A
4L3E,"YD26A,RA65A",4.370967864990234,7.40004825592041,3,"4L3E_YD26A,RA65A"
4L3E,YD50A,0.4679982364177704,0.8002728819847107,3,4L3E_YD50A
4L3E,QA155A,1.2590373754501343,0.5137784481048584,3,4L3E_QA155A
4L3E,"YD50A,QA155A",1.0905137062072754,0.8919298052787781,3,"4L3E_YD50A,QA155A"
4L3E,ND52A,-0.45974576473236084,0.806509792804718,3,4L3E_ND52A
4L3E,EA166A,1.2175184488296509,2.995459794998169,3,4L3E_EA166A
4L3E,"ND52A,EA166A",1.0916823148727417,4.062388896942139,3,"4L3E_ND52A,EA166A"
3BX1,FC84V,0.4106564223766327,0.5643583536148071,3,3BX1_FC84V
3BX1,RC85G,0.3555048108100891,0.06471798568964005,3,3BX1_RC85G
3BX1,AC86T,1.8372485637664795,-0.24774280190467834,3,3BX1_AC86T
3BX1,YC87I,1.7820247411727905,0.6277473568916321,3,3BX1_YC87I
3BX1,YC87A,1.2988171577453613,3.1497130393981934,3,3BX1_YC87A
3BX1,TC88V,2.8385491371154785,1.6844373941421509,3,3BX1_TC88V
3BX1,TC89A,0.17043781280517578,0.5355768799781799,3,3BX1_TC89A
3SZK,NC35A,0.12519049644470215,0.09937883168458939,3,3SZK_NC35A
3SZK,TC38A,0.9322267174720764,0.01949327252805233,3,3SZK_TC38A
3SZK,QC39A,0.7665860652923584,0.08472838252782822,3,3SZK_QC39A
3SZK,YC40A,2.9048476219177246,2.5247271060943604,3,3SZK_YC40A
3SZK,YC41A,2.982339382171631,1.078842043876648,3,3SZK_YC41A
3SZK,HC42A,2.536616325378418,0.8614908456802368,3,3SZK_HC42A
3SZK,FC43A,2.2193474769592285,1.4990532398223877,3,3SZK_FC43A
3SZK,FC44A,2.200962543487549,1.9874780178070068,3,3SZK_FC44A
3SZK,NC66A,0.20430143177509308,1.9062519073486328,3,3SZK_NC66A
3SZK,SC69A,1.514223337173462,0.8052814602851868,3,3SZK_SC69A
3SZK,TC70A,1.4692765474319458,0.3358013927936554,3,3SZK_TC70A
3SZK,DC120A,0.6736644506454468,-0.012437054887413979,3,3SZK_DC120A
3SZK,DC121A,0.6956096291542053,0.20579227805137634,3,3SZK_DC121A
3SZK,GC122A,0.37473925948143005,-0.06386842578649521,3,3SZK_GC122A
3SZK,EC123A,0.8384865522384644,0.1474894881248474,3,3SZK_EC123A
3SZK,EC124A,0.6956096291542053,1.24422025680542,3,3SZK_EC124A
3SZK,VC27A,0.0962846651673317,0.1495032161474228,3,3SZK_VC27A
3SZK,DC48A,0.20430143177509308,0.2592945694923401,3,3SZK_DC48A
3SZK,DC51A,0.20430143177509308,1.055607795715332,3,3SZK_DC51A
3SZK,KC56A,0.0962846651673317,0.8174629807472229,3,3SZK_KC56A
3SZK,KC57A,-0.03591717779636383,0.4557352066040039,3,3SZK_KC57A
1FSS,TB8V,0.36920931935310364,0.4141729474067688,3,1FSS_TB8V
1FSS,TB9I,-0.2322661131620407,-0.21691200137138367,3,1FSS_TB9I
1FSS,TB9N,1.1990468502044678,1.975175380706787,3,1FSS_TB9N
1FSS,"TB8V,TB9I",0.4418452978134155,0.07858980447053909,3,"1FSS_TB8V,TB9I"
1FSS,"TB8V,TB9N",0.28640708327293396,0.9755513072013855,3,"1FSS_TB8V,TB9N"
1FSS,RB11K,0.3153128921985626,0.7879617810249329,3,1FSS_RB11K
1FSS,AB12S,0.3246430456638336,0.26033008098602295,3,1FSS_AB12S
1FSS,RB27F,2.4362823963165283,1.7290529012680054,3,1FSS_RB27F
1FSS,RB27M,2.6641392707824707,0.8515095114707947,3,1FSS_RB27M
1FSS,RB27Y,2.629225015640259,1.8752450942993164,3,1FSS_RB27Y
1FSS,HB29K,-0.6196861267089844,-0.5468143820762634,3,1FSS_HB29K
1FSS,HB29R,-1.4884204864501953,-0.20625841617584229,3,1FSS_HB29R
1FSS,KB32R,1.0825053453445435,-0.32249924540519714,3,1FSS_KB32R
1FSS,MB33F,0.9372820854187012,0.5903081297874451,3,1FSS_MB33F
1FSS,MB33L,0.9630449414253235,0.18865571916103363,3,1FSS_MB33L
1FSS,MB33Q,1.5725946426391602,0.8553966879844666,3,1FSS_MB33Q
1FSS,MB33Y,1.395359992980957,0.1899358630180359,3,1FSS_MB33Y
1FSS,VB34T,1.5859588384628296,-0.09348411113023758,3,1FSS_VB34T
1FSS,LB35W,1.4518266916275024,0.8307098746299744,3,1FSS_LB35W
1FSS,NB47F,0.4927620589733124,-0.9162694811820984,3,1FSS_NB47F
1FSS,NB47W,0.11596926301717758,-0.03896515816450119,3,1FSS_NB47W
1FSS,NB47R,-0.5349057912826538,-0.5479673743247986,3,1FSS_NB47R
1FSS,"TB8V,TB9N,RB11K,HB29R,KB32R",0.8018864393234253,0.572200357913971,3,"1FSS_TB8V,TB9N,RB11K,HB29R,KB32R"
1FSS,TB8V,-0.5380995869636536,0.4141730070114136,3,1FSS_TB8V
1FSS,TB9N,1.3038697242736816,0.9658255577087402,3,1FSS_TB9N
1FSS,"TB8V,TB9N",0.42946600914001465,0.9755513072013855,3,"1FSS_TB8V,TB9N"
1FSS,RB11K,0.3177347779273987,-0.366776704788208,3,1FSS_RB11K
1FSS,HB29R,-1.057721495628357,-0.1383369415998459,3,1FSS_HB29R
1FSS,KB32R,1.1873283386230469,-0.34280669689178467,3,1FSS_KB32R
1FSS,"TB8V,TB9N,RB11K,HB29R",-0.39184683561325073,1.2358317375183105,3,"1FSS_TB8V,TB9N,RB11K,HB29R"
4HRN,LD17A,2.5983803272247314,1.0372824668884277,3,4HRN_LD17A
4HRN,SD43A,0.8030821084976196,0.922542154788971,3,4HRN_SD43A
4HRN,VD44A,2.811924457550049,0.8402308821678162,3,4HRN_VD44A
4HRN,FD47A,2.4605627059936523,1.2581790685653687,3,4HRN_FD47A
3G6D,HH104A,-0.9535146951675415,0.8025047183036804,3,3G6D_HH104A
3G6D,WH105A,-1.4971784353256226,3.082540512084961,3,3G6D_WH105A
3G6D,"KH210T,KH215T",-0.13300734758377075,0.2833217978477478,3,"3G6D_KH210T,KH215T"
3G6D,"EL3V,GL76R,TL77V,QL78E,EL80G",0.139879509806633,-0.1175769492983818,3,"3G6D_EL3V,GL76R,TL77V,QL78E,EL80G"
3G6D,"TL89S,ML92I,VL93D,TL94K",0.798334002494812,0.9208416938781738,3,"3G6D_TL89S,ML92I,VL93D,TL94K"
3G6D,"EL3V,GL76R,TL77V,QL78E,EL80G,TL89S,ML92I,VL93D,TL94K",0.2715725898742676,0.7363339066505432,3,"3G6D_EL3V,GL76R,TL77V,QL78E,EL80G,TL89S,ML92I,VL93D,TL94K"
3G6D,"EL3V,GL76R,TL77V,QL78E,EL80G,FH103A,HH104A,WH105A",4.622350215911865,0.7328030467033386,3,"3G6D_EL3V,GL76R,TL77V,QL78E,EL80G,FH103A,HH104A,WH105A"
3G6D,"EL3V,GL76R,TL77V,QL78E,EL80G,DH54N",0.11122789978981018,0.07895607501268387,3,"3G6D_EL3V,GL76R,TL77V,QL78E,EL80G,DH54N"
1XGU,FB33L,1.8626039028167725,3.437748908996582,3,1XGU_FB33L
1XGU,FB33I,1.8012609481811523,3.400472640991211,3,1XGU_FB33I
1XGU,FB33V,2.9093847274780273,5.68143367767334,3,1XGU_FB33V
1XGU,FB33A,4.0624799728393555,6.911893844604492,3,1XGU_FB33A
1XGQ,VB33F,-2.9093847274780273,-5.528880596160889,3,1XGQ_VB33F
1XGQ,VB33L,-1.0467808246612549,-1.8777211904525757,3,1XGQ_VB33L
1XGQ,VB33I,-1.108123779296875,-1.6430201530456543,3,1XGQ_VB33I
1XGQ,VB33A,1.1530953645706177,1.274341106414795,3,1XGQ_VB33A
3RF3,AC8K,1.729231834411621,0.026562584564089775,3,3RF3_AC8K
3UIG,EA47A,0.6467464566230774,-0.08668335527181625,3,3UIG_EA47A
3UIG,KA58A,0.4465735852718353,0.037773095071315765,3,3UIG_KA58A
3UIG,EA61A,1.7585606575012207,0.4575522840023041,3,3UIG_EA61A
3UIG,DA67A,2.039231300354004,-0.3037268817424774,3,3UIG_DA67A
3UIG,EA72A,1.7930582761764526,0.14912675321102142,3,3UIG_EA72A
3N85,WL91F,0.13965415954589844,-0.00582435168325901,3,3N85_WL91F
3N85,WL94Y,-0.038736145943403244,0.29625561833381653,3,3N85_WL94Y
3N85,WH30K,-0.7849546670913696,1.3020210266113281,3,3N85_WH30K
3N85,WH30R,-0.5542154908180237,4.1349873542785645,3,3N85_WH30R
3N85,SH32Y,0.057148076593875885,-0.9120110869407654,3,3N85_SH32Y
3N85,SH32A,-0.13407966494560242,0.022639503702521324,3,3N85_SH32A
3N85,SH50G,0.48788952827453613,-2.426555871963501,3,3N85_SH50G
3N85,SH52Y,-0.7849546670913696,-4.525847434997559,3,3N85_SH52Y
3N85,WH100F,-0.015191908925771713,0.30497509241104126,3,3N85_WH100F
3N85,WH100F,-0.015191908925771713,0.5284055471420288,3,3N85_WH100F
4CVW,DA720W,1.2212941646575928,-0.8111146092414856,3,4CVW_DA720W
4CVW,DA720R,3.0476717948913574,2.7235896587371826,3,4CVW_DA720R
4CVW,RC27A,1.8287239074707031,0.26734209060668945,3,4CVW_RC27A
4CVW,RC31A,2.077467203140259,0.9124302864074707,3,4CVW_RC31A
4CVW,RC31W,1.4907034635543823,-0.34122979640960693,3,4CVW_RC31W
4CVW,LC34G,2.728342294692993,-0.28013157844543457,3,4CVW_LC34G
4CVW,LC34W,0.3355621099472046,0.6325752139091492,3,4CVW_LC34W
4CVW,VC35D,4.92083740234375,0.31787264347076416,3,4CVW_VC35D
4CVW,"LC34G,VC35D",7.745464324951172,-0.004107678309082985,3,"4CVW_LC34G,VC35D"
3M62,EA32A,0.8297165632247925,-0.19702059030532837,3,3M62_EA32A
3M62,DA46A,2.8000009059906006,3.0655276775360107,3,3M62_DA46A
3M62,LA50A,2.829263687133789,0.4209897518157959,3,3M62_LA50A
3M62,TA54A,0.01668989285826683,0.06150347739458084,3,3M62_TA54A
3M62,EA55A,1.0515739917755127,0.3300780653953552,3,3M62_EA55A
3M62,RA98A,0.7886925935745239,-0.5296791791915894,3,3M62_RA98A
3M62,GA102A,1.2648917436599731,0.027868574485182762,3,3M62_GA102A
3M62,YA103A,4.4772186279296875,4.478324890136719,3,3M62_YA103A
3M62,IA110A,1.8539384603500366,1.086069107055664,3,3M62_IA110A
3M62,FB7A,0.9959673881530762,1.795513391494751,3,3M62_FB7A
3M62,KB8A,0.49712711572647095,0.3878612220287323,3,3M62_KB8A
3M62,IB43A,2.8837804794311523,2.4086244106292725,3,3M62_IB43A
3M62,SB45A,1.278739333152771,0.8730139136314392,3,3M62_SB45A
3M62,VB48A,1.0904372930526733,2.1551148891448975,3,3M62_VB48A
3M62,QB50A,1.0544360876083374,-0.2914220690727234,3,3M62_QB50A
3M62,QB65A,0.28372085094451904,0.07698946446180344,3,3M62_QB65A
3M62,VB67A,1.1381686925888062,1.3740284442901611,3,3M62_VB67A
3M62,MB69A,0.6811227798461914,0.6840468049049377,3,3M62_MB69A
3B4V,LC16E,0.8213128447532654,1.4846892356872559,3,3B4V_LC16E
3B4V,LC49E,4.133388519287109,3.7192413806915283,3,3B4V_LC49E
3B4V,FC52E,3.8812005519866943,2.889371633529663,3,3B4V_FC52E
3B4V,LC53E,4.092513084411621,5.453475475311279,3,3B4V_LC53E
3B4V,LC49A,3.5805726051330566,3.2211267948150635,3,3B4V_LC49A
3B4V,FC52A,3.850174903869629,2.8877885341644287,3,3B4V_FC52A
3B4V,LC53A,3.393157958984375,4.303707122802734,3,3B4V_LC53A
2B0U,VC15E,0.0,0.6228972673416138,3,2B0U_VC15E
2B0U,FC47E,0.4106564223766327,0.0356963649392128,3,2B0U_FC47E
2B0U,IC51E,0.2402186095714569,1.0440964698791504,3,2B0U_IC51E
2B0U,FC52E,0.0,2.9488179683685303,3,2B0U_FC52E
2B0U,FC47A,0.5428582429885864,0.7951205372810364,3,2B0U_FC47A
2B0U,IC51A,0.0,1.212975025177002,3,2B0U_IC51A
2B0U,FC52A,0.0,1.956072211265564,3,2B0U_FC52A
2AJF,DA20A,0.5854030251502991,0.5795504450798035,3,2AJF_DA20A
2AJF,YA23A,1.452401041984558,2.154869318008423,3,2AJF_YA23A
2AJF,YA23F,1.3977943658828735,1.375714898109436,3,2AJF_YA23F
4I77,YH100F,0.0,0.040039412677288055,3,4I77_YH100F
4I77,YH100A,0.0,2.921583652496338,3,4I77_YH100A
4I77,YH101F,0.0,-0.9292163848876953,3,4I77_YH101F
4I77,YH101A,0.9415455460548401,1.840645432472229,3,4I77_YH101A
4I77,YH103F,0.0,1.4075860977172852,3,4I77_YH103F
4I77,YH103A,1.6923214197158813,3.576936721801758,3,4I77_YH103A
4I77,DH54A,2.124706268310547,0.8205110430717468,3,4I77_DH54A
4I77,WH52F,2.0995631217956543,0.5915701985359192,3,4I77_WH52F
4I77,WH52A,2.114776611328125,2.3301122188568115,3,4I77_WH52A
4I77,YL32F,0.0,0.23217740654945374,3,4I77_YL32F
4I77,YL32A,0.0,1.0992469787597656,3,4I77_YL32A
4I77,NL95A,1.7221993207931519,0.7072252035140991,3,4I77_NL95A
4I77,YH100F,0.0,0.06580527126789093,3,4I77_YH100F
4I77,YH100A,0.0,2.259352445602417,3,4I77_YH100A
4I77,YH101F,0.0,-0.3700549900531769,3,4I77_YH101F
4I77,YH101A,2.27596378326416,1.831027865409851,3,4I77_YH101A
4I77,YH103F,0.6307899951934814,1.3948338031768799,3,4I77_YH103F
4I77,YH103A,2.5998315811157227,3.5505921840667725,3,4I77_YH103A
4I77,DH54A,2.9955828189849854,0.6607674956321716,3,4I77_DH54A
4I77,WH52F,2.821359395980835,0.5943302512168884,3,4I77_WH52F
4I77,WH52A,2.9105122089385986,2.3672149181365967,3,4I77_WH52A
4I77,YL32F,0.0,0.22754405438899994,3,4I77_YL32F
4I77,YL32A,1.567731499671936,1.0177927017211914,3,4I77_YL32A
4I77,NL95A,0.9991104006767273,0.4488634169101715,3,4I77_NL95A
4JPK,VA30N,0.5948610901832581,0.37510359287261963,3,4JPK_VA30N
4JPK,SA41G,2.152658462524414,0.04859953373670578,3,4JPK_SA41G
4JPK,FA63L,1.1678093671798706,-0.4613058567047119,3,4JPK_FA63L
4JPK,RA81T,0.7590427398681641,0.20909088850021362,3,4JPK_RA81T
4JPK,RA130K,0.23016905784606934,-0.2077493518590927,3,4JPK_RA130K
4JPK,FA144I,1.388138771057129,0.8262590765953064,3,4JPK_FA144I
4JPK,TA35S,-0.03210772946476936,0.6587088108062744,3,4JPK_TA35S
4JPK,DA141R,3.8590502738952637,0.468809574842453,3,4JPK_DA141R
4JPK,"DA159N,DA33N",0.6192452907562256,0.3560316562652588,3,"4JPK_DA159N,DA33N"
1MLC,NA32G,-0.8777795433998108,0.9704553484916687,3,1MLC_NA32G
1MLC,NA92A,-1.253914475440979,0.4300534129142761,3,1MLC_NA92A
1MLC,TB28D,-0.1510114222764969,0.39951658248901367,3,1MLC_TB28D
1MLC,TB31A,0.44720688462257385,0.1850546896457672,3,1MLC_TB31A
1MLC,TB31V,0.5264760851860046,-0.4702957272529602,3,1MLC_TB31V
1MLC,SB57A,-0.37919139862060547,0.658159077167511,3,1MLC_SB57A
1MLC,SB57V,-0.4944019615650177,-0.3523247241973877,3,1MLC_SB57V
1MLC,TB58D,-0.5599330067634583,0.10986394435167313,3,1MLC_TB58D
1MLC,KB65D,0.01855706050992012,-0.3459942936897278,3,1MLC_KB65D
1MLC,NA32Y,0.0,-0.3260357677936554,3,1MLC_NA32Y
1MLC,TB31W,0.13220183551311493,-0.5568051934242249,3,1MLC_TB31W
1MLC,"NA32G,NA92A",-0.6869605183601379,1.4324003458023071,3,"1MLC_NA32G,NA92A"
1MLC,"SB57V,TB58D",-0.988170862197876,-0.2846991717815399,3,"1MLC_SB57V,TB58D"
1MLC,"NA32G,NA92A,SB57V,TB58D",-1.7357505559921265,0.17203569412231445,3,"1MLC_NA32G,NA92A,SB57V,TB58D"
1MLC,"NA92A,SB57V,TB58D",-2.3952598571777344,-0.033297099173069,3,"1MLC_NA92A,SB57V,TB58D"
1MLC,"NA92A,TB28D,SB57V,TB58D",-2.740586280822754,-0.15043772757053375,3,"1MLC_NA92A,TB28D,SB57V,TB58D"
1MLC,"NA92A,TB28D,SB57V,TB58D",-2.5825202465057373,-0.0837588682770729,3,"1MLC_NA92A,TB28D,SB57V,TB58D"
1MLC,"NA92A,TB28D,SB57V,TB58D",-1.6668107509613037,-0.1527756154537201,3,"1MLC_NA92A,TB28D,SB57V,TB58D"
1MLC,"NA92A,TB28D,SB57V,TB58D,NA32L",-2.5854651927948,0.2672906219959259,3,"1MLC_NA92A,TB28D,SB57V,TB58D,NA32L"
1MLC,"NA92A,TB28D,SB57V,TB58D,SB30G",-2.359523296356201,-0.4487801790237427,3,"1MLC_NA92A,TB28D,SB57V,TB58D,SB30G"
1MLC,"NA92A,TB28D,SB57V,TB58D,YB59E",-1.466826319694519,2.271009922027588,3,"1MLC_NA92A,TB28D,SB57V,TB58D,YB59E"
1MLC,"NA92A,TB28D,SB57V,TB58D,SA91N",1.8505626916885376,-0.1976265013217926,3,"1MLC_NA92A,TB28D,SB57V,TB58D,SA91N"
1MLC,"NA92A,TB28D,SB57V,TB58D,SA91N,SA93A",-1.6111606359481812,-0.1335783153772354,3,"1MLC_NA92A,TB28D,SB57V,TB58D,SA91N,SA93A"
1MLC,"NA92A,TB28D,SB57V,TB58D,RB98M,DB100Q",-0.4106564223766327,0.6125406622886658,3,"1MLC_NA92A,TB28D,SB57V,TB58D,RB98M,DB100Q"
1MLC,"NA92A,TB28D,SB57V,TB58D,YB32R,RB98S",1.8505626916885376,2.2504332065582275,3,"1MLC_NA92A,TB28D,SB57V,TB58D,YB32R,RB98S"
1MLC,"NA92A,TB28D,SB57V,TB58D,EB35S,GB99D",-2.955246686935425,-0.3336057662963867,3,"1MLC_NA92A,TB28D,SB57V,TB58D,EB35S,GB99D"
1MLC,"NA92A,TB28D,SB57V,TB58D,YB32W,RB98V,DB100Q",0.3615494668483734,1.4758455753326416,3,"1MLC_NA92A,TB28D,SB57V,TB58D,YB32W,RB98V,DB100Q"
1MLC,"NA92A,TB28D,SB57V,TB58D,EB35S",1.907029390335083,-0.192410409450531,3,"1MLC_NA92A,TB28D,SB57V,TB58D,EB35S"
1MLC,"NA92A,TB28D,SB57V,TB58D,GB99D",-0.20366813242435455,0.11057145148515701,3,"1MLC_NA92A,TB28D,SB57V,TB58D,GB99D"
2NYY,SA874A,-0.2319817990064621,0.18760335445404053,3,2NYY_SA874A
2NYY,KA875A,0.2930837571620941,1.1105530261993408,3,2NYY_KA875A
2NYY,QA887A,0.5245682597160339,0.16661295294761658,3,2NYY_QA887A
2NYY,FA889A,0.4223885238170624,0.15051645040512085,3,2NYY_FA889A
2NYY,NA890A,0.8968583345413208,2.057827949523926,3,2NYY_NA890A
2NYY,LA891A,2.607872486114502,1.7109994888305664,3,2NYY_LA891A
2NYY,EA892A,2.85959529876709,2.4536328315734863,3,2NYY_EA892A
2NYY,KA895A,-0.14115594327449799,-0.12727952003479004,3,2NYY_KA895A
2NYY,FA925A,4.087754726409912,4.059667110443115,3,2NYY_FA925A
2NYY,NA926A,0.10006427019834518,0.03139273077249527,3,2NYY_NA926A
2NYY,SA927A,0.0,0.01901443861424923,3,2NYY_SA927A
2NYY,IA928A,-0.009555883705615997,0.6024052500724792,3,2NYY_IA928A
2NYY,KA1028A,-0.02914285846054554,-0.4545617997646332,3,2NYY_KA1028A
2NYY,DA1030A,0.009404197335243225,0.29271745681762695,3,2NYY_DA1030A
2NYY,RA1033A,0.8260335922241211,0.5582422018051147,3,2NYY_RA1033A
2NYY,DA1034A,2.548027276992798,1.9452412128448486,3,2NYY_DA1034A
2NYY,TA1035A,1.6426256895065308,3.2770791053771973,3,2NYY_TA1035A
2NYY,HA1036A,7.3721842765808105,8.25369930267334,3,2NYY_HA1036A
2NYY,RA1266A,0.3016909658908844,1.1685229539871216,3,2NYY_RA1266A
2NYY,MD33Q,-0.06030135974287987,0.37194156646728516,3,2NYY_MD33Q
2NYY,KD29R,0.07190047949552536,0.1349658966064453,3,2NYY_KD29R
2NYY,YD30D,0.065090611577034,0.5693577527999878,3,2NYY_YD30D
2NYY,YD30Q,0.12990403175354004,1.662230134010315,3,2NYY_YD30Q
2NYY,YD56Q,0.5234318375587463,1.5045008659362793,3,2NYY_YD56Q
2NYY,SC28Q,0.4163622558116913,-0.4086773097515106,3,2NYY_SC28Q
2NYY,DC30Y,0.6457566022872925,-0.6433631777763367,3,2NYY_DC30Y
2NYY,SC31N,-0.3559296727180481,-0.6239033937454224,3,2NYY_SC31N
2NYY,HC34R,0.10161181539297104,0.6011700630187988,3,2NYY_HC34R
2NYY,VD36I,-0.21470792591571808,-0.27135980129241943,3,2NYY_VD36I
2NYY,ED5Q,-0.2497744858264923,-0.09415819495916367,3,2NYY_ED5Q
2NYY,"VD36I,ED5Q",-0.04939959943294525,-0.3952728509902954,3,"2NYY_VD36I,ED5Q"
2NYY,"KD29S,YD30D,DD31H,SD60P",0.04996808245778084,0.6499244570732117,3,"2NYY_KD29S,YD30D,DD31H,SD60P"
3SE3,"YB43A,NB44E,SB47Q",1.8576297760009766,0.08224859088659286,3,"3SE3_YB43A,NB44E,SB47Q"
3SE3,"YB43H,NB44A,SB47Q",1.383597493171692,-0.07577573508024216,3,"3SE3_YB43H,NB44A,SB47Q"
3SE3,"YB43H,NB44E,SB47A",1.7648701667785645,0.4072936177253723,3,"3SE3_YB43H,NB44E,SB47A"
3SE3,"YB43H,NB44E,SB47Q,QB48A",2.432249069213867,-0.20163418352603912,3,"3SE3_YB43H,NB44E,SB47Q,QB48A"
3SE3,"YB43H,NB44E,SB47Q,FB50A",2.790170431137085,1.6075977087020874,3,"3SE3_YB43H,NB44E,SB47Q,FB50A"
3SE3,"YB43H,NB44E,SB47Q,NB51A",3.0309817790985107,0.3599450886249542,3,"3SE3_YB43H,NB44E,SB47Q,NB51A"
3SE3,"YB43H,NB44E,SB47Q,SB54A",2.488123655319214,0.5090484619140625,3,"3SE3_YB43H,NB44E,SB47Q,SB54A"
3SE3,"YB43H,NB44E,SB47Q,TB55A",2.8525915145874023,0.11922430247068405,3,"3SE3_YB43H,NB44E,SB47Q,TB55A"
3SE3,"YB43H,NB44E,SB47Q,KB56A",2.634376287460327,0.16819006204605103,3,"3SE3_YB43H,NB44E,SB47Q,KB56A"
3SE3,"YB43H,NB44E,SB47Q,DB57A",2.3812906742095947,0.2742738723754883,3,"3SE3_YB43H,NB44E,SB47Q,DB57A"
3SE3,"YB43H,NB44E,SB47Q,SB59A",2.7163729667663574,0.41409653425216675,3,"3SE3_YB43H,NB44E,SB47Q,SB59A"
3SE3,"YB43H,NB44E,SB47Q,TB65A",2.297600746154785,-0.03689829260110855,3,"3SE3_YB43H,NB44E,SB47Q,TB65A"
3SE3,"YB43H,NB44E,SB47Q,LB66A",3.3591322898864746,0.6935274004936218,3,"3SE3_YB43H,NB44E,SB47Q,LB66A"
3SE3,"YB43H,NB44E,SB47Q,KB69A",2.3057167530059814,0.2746483087539673,3,"3SE3_YB43H,NB44E,SB47Q,KB69A"
3SE3,"YB43H,NB44E,SB47Q,YB71A",2.923438787460327,2.0391957759857178,3,"3SE3_YB43H,NB44E,SB47Q,YB71A"
3SE3,"YB43H,NB44E,SB47Q,TB72A",2.683220148086548,0.22936779260635376,3,"3SE3_YB43H,NB44E,SB47Q,TB72A"
3SE3,"YB43H,NB44E,SB47Q,YB75A",3.1270294189453125,2.292628049850464,3,"3SE3_YB43H,NB44E,SB47Q,YB75A"
3SE3,"YB43H,NB44E,SB47Q,QB76A",2.289372205734253,0.17231641709804535,3,"3SE3_YB43H,NB44E,SB47Q,QB76A"
3SE3,"YB43H,NB44E,SB47Q,NB79A",2.772106647491455,0.19779454171657562,3,"3SE3_YB43H,NB44E,SB47Q,NB79A"
3SE3,"YB43H,NB44E,SB47Q,EB82A",2.700028657913208,0.09344194084405899,3,"3SE3_YB43H,NB44E,SB47Q,EB82A"
3SE3,"YB43H,NB44E,SB47Q,VB85A",2.488123655319214,0.5775982737541199,3,"3SE3_YB43H,NB44E,SB47Q,VB85A"
3SE3,"YB43H,NB44E,SB47Q",0.19081901013851166,0.1914733648300171,3,"3SE3_YB43H,NB44E,SB47Q"
3SE3,"YB43A,NB44A,SB47A",0.17339269816875458,1.5368942022323608,3,"3SE3_YB43A,NB44A,SB47A"
3SE3,"YB43H,NB44E,SB47Q",2.4577348232269287,0.011626308783888817,3,"3SE3_YB43H,NB44E,SB47Q"
3SE3,"YB43M,NB44D,SB47L",0.7132960557937622,-3.2916738986968994,3,"3SE3_YB43M,NB44D,SB47L"
3SE3,"YB43A,NB44A,SB47A",0.7697627544403076,1.6340394020080566,3,"3SE3_YB43A,NB44A,SB47A"
3SE3,"YB43H,NB44E,SB47Q,QB48A",2.5499517917633057,0.03996790200471878,3,"3SE3_YB43H,NB44E,SB47Q,QB48A"
3SE3,"YB43H,NB44E,SB47Q,FB50A",2.912252187728882,1.6856906414031982,3,"3SE3_YB43H,NB44E,SB47Q,FB50A"
3SE3,"YB43H,NB44E,SB47Q,NB51A",3.1588070392608643,0.3608351945877075,3,"3SE3_YB43H,NB44E,SB47Q,NB51A"
3SE3,"YB43H,NB44E,SB47Q,SB54A",2.6049611568450928,0.3015354871749878,3,"3SE3_YB43H,NB44E,SB47Q,SB54A"
3SE3,"YB43H,NB44E,SB47Q,TB55A",2.9685609340667725,0.32702672481536865,3,"3SE3_YB43H,NB44E,SB47Q,TB55A"
3SE3,"YB43H,NB44E,SB47Q,KB56A",2.758375406265259,0.16629230976104736,3,"3SE3_YB43H,NB44E,SB47Q,KB56A"
3SE3,"YB43H,NB44E,SB47Q,DB57A",2.4998557567596436,0.6459316611289978,3,"3SE3_YB43H,NB44E,SB47Q,DB57A"
3SE3,"YB43H,NB44E,SB47Q,SB59A",2.8363590240478516,0.23469886183738708,3,"3SE3_YB43H,NB44E,SB47Q,SB59A"
3SE3,"YB43H,NB44E,SB47Q,TB65A",2.4217395782470703,-0.03494689613580704,3,"3SE3_YB43H,NB44E,SB47Q,TB65A"
3SE3,"YB43H,NB44E,SB47Q,LB66A",3.47526478767395,1.0379103422164917,3,"3SE3_YB43H,NB44E,SB47Q,LB66A"
3SE3,"YB43H,NB44E,SB47Q,KB69A",2.4257025718688965,0.027355922386050224,3,"3SE3_YB43H,NB44E,SB47Q,KB69A"
3SE3,"YB43H,NB44E,SB47Q,YB71A",3.0482640266418457,2.0184719562530518,3,"3SE3_YB43H,NB44E,SB47Q,YB71A"
3SE3,"YB43H,NB44E,SB47Q,TB72A",2.801797866821289,0.2158387005329132,3,"3SE3_YB43H,NB44E,SB47Q,TB72A"
3SE3,"YB43H,NB44E,SB47Q,QB76A",2.409689426422119,0.1721448451280594,3,"3SE3_YB43H,NB44E,SB47Q,QB76A"
3SE3,"YB43H,NB44E,SB47Q,NB79A",2.8856005668640137,0.7455487847328186,3,"3SE3_YB43H,NB44E,SB47Q,NB79A"
3SE3,"YB43H,NB44E,SB47Q,EB82A",2.824389934539795,0.036231331527233124,3,"3SE3_YB43H,NB44E,SB47Q,EB82A"
3SE3,"YB43H,NB44E,SB47Q,IB88A",2.32709002494812,0.31339961290359497,3,"3SE3_YB43H,NB44E,SB47Q,IB88A"
3SE3,"YB43H,NB44E,SB47Q,LB89A",2.8981871604919434,1.4545130729675293,3,"3SE3_YB43H,NB44E,SB47Q,LB89A"
3SE3,"YB43H,NB44E,SB47Q,RB92A",2.8363590240478516,0.8723246455192566,3,"3SE3_YB43H,NB44E,SB47Q,RB92A"
3SE3,"YB43H,NB44E,SB47Q,RB92K",2.610769510269165,0.015229722484946251,3,"3SE3_YB43H,NB44E,SB47Q,RB92K"
3SE3,"YB43H,NB44E,SB47Q,KB93A",2.610769510269165,-0.03289485722780228,3,"3SE3_YB43H,NB44E,SB47Q,KB93A"
3SE3,"YB43H,NB44E,SB47Q,KB103A",2.6815128326416016,0.08692223578691483,3,"3SE3_YB43H,NB44E,SB47Q,KB103A"
3SE3,"YB43A,NB44E,SB47Q",1.9775469303131104,0.37695926427841187,3,"3SE3_YB43A,NB44E,SB47Q"
3SE3,"YB43H,NB44A,SB47Q",1.5067094564437866,0.035872943699359894,3,"3SE3_YB43H,NB44A,SB47Q"
3SE3,"YB43H,NB44E,SB47A",1.88284432888031,0.4142695665359497,3,"3SE3_YB43H,NB44E,SB47A"
3SE3,"YB43A,NB44A,SB47A",0.4106564223766327,0.8124355673789978,3,"3SE3_YB43A,NB44A,SB47A"
3SE3,NA53A,-0.3477616012096405,0.4025752544403076,3,3SE3_NA53A
3SE3,YA55A,1.4973200559616089,2.9124717712402344,3,3SE3_YA55A
3SE3,FA81A,0.4106564223766327,2.203968048095703,3,3SE3_FA81A
3SE3,EA96A,0.7130590677261353,0.2972792387008667,3,3SE3_EA96A
3SE3,KA98A,1.4973200559616089,0.41075319051742554,3,3SE3_KA98A
3SE3,LA116A,0.0,1.0094668865203857,3,3SE3_LA116A
3SE3,DA117A,0.5428582429885864,0.0635296180844307,3,3SE3_DA117A
3SE3,SA120A,0.5428582429885864,-0.5036295056343079,3,3SE3_SA120A
3SE3,NA140T,0.13314899802207947,0.4555007219314575,3,3SE3_NA140T
3SE3,YA148A,0.4106564223766327,0.25480198860168457,3,3SE3_YA148A
3SE3,TA166A,-0.15638691186904907,-0.18242302536964417,3,3SE3_TA166A
3SE3,SA167A,-0.23903489112854004,-0.018075192347168922,3,3SE3_SA167A
3SE3,FA223A,1.4973200559616089,2.4899861812591553,3,3SE3_FA223A
3SE3,RA226A,0.4106564223766327,0.8725407719612122,3,3SE3_RA226A
3SE3,NA227A,0.5428582429885864,-0.562069296836853,3,3SE3_NA227A
3SE3,NA230A,0.21107575297355652,0.4044632911682129,3,3SE3_NA230A
3SE3,FA273A,0.0,0.26795271039009094,3,3SE3_FA273A
3VR6,LG28N,0.30999940633773804,0.05445045232772827,3,3VR6_LG28N
3VR6,LG29N,0.6750600934028625,-0.04832044988870621,3,3VR6_LG29N
3VR6,RG134A,0.8304983377456665,0.14713740348815918,3,3VR6_RG134A
3VR6,RG135A,0.8992655277252197,1.3237197399139404,3,3VR6_RG135A
3VR6,"RG134A,RG135A",1.4000883102416992,1.7163187265396118,3,"3VR6_RG134A,RG135A"
3VR6,AG138S,-0.34087562561035156,0.04628922790288925,3,3VR6_AG138S
3VR6,LG139N,0.7095816135406494,0.276580274105072,3,3VR6_LG139N
3VR6,"RA476A,RB481A,RC471A",-0.27845457196235657,0.8524342179298401,3,"3VR6_RA476A,RB481A,RC471A"
3VR6,"VD385A,VE385A,VF388A",0.6982964873313904,0.4539254605770111,3,"3VR6_VD385A,VE385A,VF388A"
3VR6,"LD386A,LE386A,LF389A",1.136772632598877,2.0504372119903564,3,"3VR6_LD386A,LE386A,LF389A"
3VR6,"RA476A,RB481A,RC471A,RG134A,RG135A",1.3179826736450195,2.044902801513672,3,"3VR6_RA476A,RB481A,RC471A,RG134A,RG135A"
3VR6,"VD385A,VE385A,VF388A,RG134A,RG135A",1.1313122510910034,3.2072842121124268,3,"3VR6_VD385A,VE385A,VF388A,RG134A,RG135A"
3VR6,"LA477A,LB482A,LC472A,VA478A,VB483A,VC473A",-0.22198787331581116,2.417980909347534,3,"3VR6_LA477A,LB482A,LC472A,VA478A,VB483A,VC473A"
3VR6,"LA477A,LB482A,LC472A,VA478A,VB483A,VC473A,LD386A,LE386A,LF389A",-0.17043781280517578,2.475236654281616,3,"3VR6_LA477A,LB482A,LC472A,VA478A,VB483A,VC473A,LD386A,LE386A,LF389A"
3VR6,"LA477A,LB482A,LC472A,VA478A,VB483A,VC473A,RG134A,RG135A",2.049800395965576,3.233720541000366,3,"3VR6_LA477A,LB482A,LC472A,VA478A,VB483A,VC473A,RG134A,RG135A"
3VR6,"LA477A,LB482A,LC472A,VA478A,VB483A,VC473A,LG139N",-0.07911093533039093,1.781821608543396,3,"3VR6_LA477A,LB482A,LC472A,VA478A,VB483A,VC473A,LG139N"
3VR6,"RD347E,RE347E,RF350E",0.2876400649547577,0.6235606074333191,3,"3VR6_RD347E,RE347E,RF350E"
3VR6,"RD347K,RE347K,RF350K",1.2131596803665161,-0.1927572786808014,3,"3VR6_RD347K,RE347K,RF350K"
1JTD,QA73A,0.5186731815338135,1.0091922283172607,3,1JTD_QA73A
1JTD,NA74A,0.8012278079986572,-0.5290356874465942,3,1JTD_NA74A
1JTD,LA76A,1.733952522277832,0.5691124796867371,3,1JTD_LA76A
1JTD,EA78A,0.8407392501831055,3.4004476070404053,3,1JTD_EA78A
1JTD,YA79A,2.2508599758148193,0.11558478325605392,3,1JTD_YA79A
1JTD,PA81A,1.733952522277832,-0.2979966700077057,3,1JTD_PA81A
1JTD,EA84A,0.038235973566770554,-0.39950957894325256,3,1JTD_EA84A
1JTD,KA85A,2.144608974456787,1.594494342803955,3,1JTD_KA85A
1JTD,MA103A,2.5226452350616455,0.7957628965377808,3,1JTD_MA103A
1JTD,VA190A,0.038235973566770554,0.05674401670694351,3,1JTD_VA190A
1JTD,MA244A,0.27845457196235657,0.2242814600467682,3,1JTD_MA244A
1WQJ,RI20A,0.6795530319213867,0.26968955993652344,3,1WQJ_RI20A
1WQJ,"RI35A,RI36A",1.02851140499115,0.1918732225894928,3,"1WQJ_RI35A,RI36A"
1WQJ,RI49A,0.26824522018432617,1.0500835180282593,3,1WQJ_RI49A
1WQJ,RI54A,0.05944105610251427,0.3713802695274353,3,1WQJ_RI54A
1WQJ,RI55A,0.40239912271499634,-0.2647237479686737,3,1WQJ_RI55A
3W2D,YA45F,0.8783374428749084,0.13725553452968597,3,3W2D_YA45F
3W2D,YA45L,2.3658151626586914,1.109588623046875,3,3W2D_YA45L
3W2D,KA67R,-0.42831185460090637,-1.5125514268875122,3,3W2D_KA67R
3W2D,KA67N,4.624007701873779,0.47052910923957825,3,3W2D_KA67N
4GNK,KA294A,0.09897152334451675,0.22887271642684937,3,4GNK_KA294A
4GNK,"DA279A,PA281D",0.1213308572769165,-0.08557125180959702,3,"4GNK_DA279A,PA281D"
4GNK,LB764A,-1.420637845993042,-0.03486790508031845,3,4GNK_LB764A
4GNK,"KA294A,LB764A",-1.5528396368026733,0.4364277720451355,3,"4GNK_KA294A,LB764A"
4GNK,"LB764A,DA279A,PA281D",-1.7232774496078491,-0.10050497204065323,3,"4GNK_LB764A,DA279A,PA281D"
4GNK,TB540E,-0.18866854906082153,-0.11809694021940231,3,4GNK_TB540E
4O27,YA215A,1.1953110694885254,0.9758651852607727,3,4O27_YA215A
4O27,KA88A,1.0248732566833496,0.4141085743904114,3,4O27_KA88A
4O27,EB42A,0.3714717626571655,2.5307366847991943,3,4O27_EB42A
4O27,EB122A,0.3016909658908844,0.22517146170139313,3,4O27_EB122A
4Y61,YA246A,-0.07816073298454285,1.79109787940979,3,4Y61_YA246A
4Y61,RB86A,-0.1930532306432724,1.7372552156448364,3,4Y61_RB86A
4Y61,"FB219A,HB222A",0.28917425870895386,1.903149127960205,3,"4Y61_FB219A,HB222A"
4YEB,DA133A,1.3676663637161255,0.3821064233779907,3,4YEB_DA133A
4YEB,AA114S,0.0693911463022232,-0.15561528503894806,3,4YEB_AA114S
4YEB,RB88T,0.2775775194168091,-0.002431536093354225,3,4YEB_RB88T
4YEB,FB131A,2.4174656867980957,1.5153435468673706,3,4YEB_FB131A
4YFD,RA48A,0.28495320677757263,1.604620099067688,3,4YFD_RA48A
4YFD,RA169A,0.15944580733776093,1.3553358316421509,3,4YFD_RA169A
4YFD,EA259A,1.2165226936340332,-0.6274932026863098,3,4YFD_EA259A
4YFD,"EA207G,LA208S,RA209S,EA210G",-0.03591717779636383,0.24181407690048218,3,"4YFD_EA207G,LA208S,RA209S,EA210G"
4YFD,"EA207Q,RA209E,EA210Q",0.17261195182800293,0.18677137792110443,3,"4YFD_EA207Q,RA209E,EA210Q"
4YFD,WB4A,1.1326016187667847,3.107591390609741,3,4YFD_WB4A
4YFD,DB7A,-0.05472675710916519,1.5718916654586792,3,4YFD_DB7A
4YFD,KB71A,1.475084900856018,1.766254186630249,3,4YFD_KB71A
4ZS6,YA160A,-0.11029982566833496,1.9432320594787598,3,4ZS6_YA160A
4ZS6,EA156A,3.040027141571045,2.720247507095337,3,4ZS6_EA156A
3NVQ,RA157E,1.545855164527893,-0.8409403562545776,3,3NVQ_RA157E
3NVQ,RA159E,1.5608546733856201,1.3759961128234863,3,3NVQ_RA159E
3EQY,TC1A,0.37473925948143005,1.1204216480255127,3,3EQY_TC1A
3EQY,SC2A,0.8714090585708618,1.1819052696228027,3,3EQY_SC2A
3EQY,FC3A,5.660985946655273,4.300559043884277,3,3EQY_FC3A
3EQY,EC5A,1.2231920957565308,1.1607258319854736,3,3EQY_EC5A
3EQY,YC6A,2.5873632431030273,2.173889398574829,3,3EQY_YC6A
3EQY,WC7A,6.0464277267456055,2.8439624309539795,3,3EQY_WC7A
3EQY,NC8A,-0.7492132782936096,0.015171593055129051,3,3EQY_NC8A
3EQY,LC9A,0.033863615244627,0.8349931836128235,3,3EQY_LC9A
3EQY,LC10A,2.324615240097046,2.8757195472717285,3,3EQY_LC10A
3EQY,SC11A,0.1527513712644577,0.30390816926956177,3,3EQY_SC11A
3EQY,PC12A,0.29562830924987793,0.37572529911994934,3,3EQY_PC12A
1JTD,NB12A,1.3017500638961792,2.121976613998413,3,1JTD_NB12A
1JTD,DB14A,1.5081050395965576,2.5133986473083496,3,1JTD_DB14A
1JTD,WB15A,1.3930768966674805,1.2688663005828857,3,1JTD_WB15A
1JTD,TB19A,0.2951873242855072,-0.06897785514593124,3,1JTD_TB19A
1JTD,YB35A,3.1518187522888184,1.3591809272766113,3,1JTD_YB35A
1JTD,FB36A,2.5512847900390625,4.669451713562012,3,1JTD_FB36A
1JTD,LB53A,0.6671075820922852,0.7590650916099548,3,1JTD_LB53A
1JTD,NB74A,1.2099658250808716,2.36979341506958,3,1JTD_NB74A
1JTD,YB75A,0.4804372191429138,2.6766531467437744,3,1JTD_YB75A
1JTD,DB93A,1.989831566810608,1.870082139968872,3,1JTD_DB93A
1JTD,WB114A,3.2562007904052734,5.631216049194336,3,1JTD_WB114A
1JTD,DB129A,0.9608744382858276,3.2304623126983643,3,1JTD_DB129A
1JTD,SB131A,0.15162824094295502,0.028460821136832237,3,1JTD_SB131A
1JTD,DB132A,-0.5490620136260986,0.7885053753852844,3,1JTD_DB132A
1JTD,YB153A,3.3001062870025635,4.075493812561035,3,1JTD_YB153A
1JTD,DB168A,-1.0615314245224,3.472562551498413,3,1JTD_DB168A
1JTD,YB170A,2.027261972427368,1.6623320579528809,3,1JTD_YB170A
1JTD,FB171A,2.2007148265838623,1.4049053192138672,3,1JTD_FB171A
1JTD,IB191A,2.8903894424438477,2.543274164199829,3,1JTD_IB191A
1JTD,FB192A,3.9618523120880127,3.770951986312866,3,1JTD_FB192A
1JTD,YB210A,0.8243905305862427,0.7016485333442688,3,1JTD_YB210A
1JTD,EB230A,1.8500686883926392,3.6622121334075928,3,1JTD_EB230A
1JTD,WB231A,5.811737537384033,4.888378620147705,3,1JTD_WB231A
1JTD,RB248A,0.888344407081604,1.083878517150879,3,1JTD_RB248A
1JTD,NB266A,2.6700212955474854,2.283219337463379,3,1JTD_NB266A
5K39,MB108A,-0.4778553247451782,-0.0010990742594003677,3,5K39_MB108A
5K39,MB112A,-0.2331232875585556,0.007724812254309654,3,5K39_MB112A
5K39,SB115A,0.45034053921699524,0.5442816615104675,3,5K39_SB115A
5K39,FB142A,2.7175374031066895,0.9032213091850281,3,5K39_FB142A
5K39,IB148A,2.0530591011047363,1.8536666631698608,3,5K39_IB148A
4L0P,TA11K,0.0,0.1577635407447815,3,4L0P_TA11K
4L0P,SA20F,0.05646670609712601,-1.0977202653884888,3,4L0P_SA20F
4L0P,EA27K,2.665921211242676,-0.20542927086353302,3,4L0P_EA27K
4L0P,NA59S,0.3143717646598816,0.09251027554273605,3,4L0P_NA59S
4L0P,TA76Q,1.472187876701355,-0.46916136145591736,3,4L0P_TA76Q
4L0P,TA140N,0.27845457196235657,0.9076545834541321,3,4L0P_TA140N
3QIB,RC89P,-0.11936844140291214,0.953662097454071,3,3QIB_RC89P
3QIB,NC94P,0.786812961101532,-0.4068605303764343,3,3QIB_NC94P
3QIB,LD95P,-0.3697237968444824,-0.10155624896287918,3,3QIB_LD95P
3QIB,QA57A,0.2648344039916992,0.39426589012145996,3,3QIB_QA57A
3QIB,AA61G,0.8922892808914185,-0.11966369301080704,3,3QIB_AA61G
3QIB,AA64G,0.6100000739097595,-0.38368672132492065,3,3QIB_AA64G
3QIB,KA67A,0.5660946369171143,0.5313138365745544,3,3QIB_KA67A
3QIB,AA68G,0.8450669050216675,-0.4086155295372009,3,3QIB_AA68G
3QIB,EA75A,0.0,-0.24709461629390717,3,3QIB_EA75A
3QIB,EB57A,0.0,0.07188933342695236,3,3QIB_EB57A
3QIB,SB61A,0.02633553557097912,0.0719020739197731,3,3QIB_SB61A
3QIB,QB62A,1.7639565467834473,-0.07559844106435776,3,3QIB_QB62A
3QIB,EB64A,1.212812066078186,-0.1400384157896042,3,3QIB_EB64A
3QIB,EB67A,1.8214198350906372,-0.13058698177337646,3,3QIB_EB67A
3QIB,AB71G,2.204041004180908,1.3858602046966553,3,3QIB_AB71G
3QIB,DB74A,0.8629055023193359,1.451539158821106,3,3QIB_DB74A
3QIB,TB75A,0.7498465776443481,1.4501534700393677,3,3QIB_TB75A
3QIB,HB79A,0.051550064235925674,0.10342065244913101,3,3QIB_HB79A
3QIB,"KA67A,EB64A",1.5070480108261108,0.35776373744010925,3,"3QIB_KA67A,EB64A"
3QIB,YP6A,3.1389987468719482,3.781572103500366,3,3QIB_YP6A
3QIB,YP6F,0.10801676660776138,0.49330610036849976,3,3QIB_YP6F
3QIB,KP8A,3.1389987468719482,1.5509262084960938,3,3QIB_KP8A
3QIB,KP8R,2.2370340824127197,-2.120473623275757,3,3QIB_KP8R
3QIB,TP11A,3.1389987468719482,1.658402442932129,3,3QIB_TP11A
3QIB,TP11S,1.075722575187683,0.05936407297849655,3,3QIB_TP11S
3QIB,TP11N,1.223834753036499,2.125136137008667,3,3QIB_TP11N
3QIB,"YP6F,TP11S",1.2169697284698486,-0.1425277590751648,3,"3QIB_YP6F,TP11S"
