complex,mutstr,ddG,ddG_pred,fold
1CSE_E_I,LI38G,2.2805771827697754,1.978135585784912,2
1CSE_E_I,LI38S,1.1887755393981934,1.7502331733703613,2
1CSE_E_I,LI38P,6.765445709228516,6.131570339202881,2
1CSE_E_I,LI38I,2.98250150680542,2.1845431327819824,2
1CSE_E_I,LI38D,4.4118428230285645,2.373645305633545,2
1CSE_E_I,LI38E,2.3827457427978516,2.351062536239624,2
1SIB_E_I,KI46R,-0.731526792049408,-0.18107181787490845,2
1TM5_E_I,AI40M,-1.0276678800582886,-0.6724011301994324,2
1TM3_E_I,KI40M,-1.0935636758804321,-0.8955115675926208,2
1TO1_E_I,AI42Y,-2.9815821647644043,-2.584477663040161,2
1BRS_A_D,KA25A,5.3809494972229,4.892567157745361,2
1BRS_A_D,RA57A,5.2453718185424805,1.6798081398010254,2
1BRS_A_D,RA81Q,5.4200263023376465,2.168421745300293,2
1BRS_A_D,RA85A,5.564701080322266,2.8543992042541504,2
1BRS_A_D,HA100A,6.1457953453063965,6.087915897369385,2
1BRS_A_D,YD29F,-0.13220183551311493,0.32107114791870117,2
1BRS_A_D,YD29A,3.4705440998077393,0.8850647807121277,2
1BRS_A_D,DD35A,4.503169536590576,4.183012962341309,2
1BRS_A_D,WD38F,1.6426256895065308,0.3729671835899353,2
1BRS_A_D,DD39A,7.650989055633545,3.2442891597747803,2
1BRS_A_D,TD42A,1.8576297760009766,0.8884067535400391,2
1BRS_A_D,WD44F,0.05646670609712601,-0.010964915156364441,2
1BRS_A_D,ED74A,1.3641711473464966,0.8366602063179016,2
1BRS_A_D,ED78A,0.5428582429885864,0.4305741786956787,2
1BRS_A_D,"KA25A,YD29A",8.624588966369629,5.112493991851807,2
1BRS_A_D,"KA25A,DD35A",9.549198150634766,8.295452117919922,2
1BRS_A_D,"KA25A,WD38F",5.1131696701049805,4.330837726593018,2
1BRS_A_D,"KA25A,DD39A",8.278043746948242,5.946056842803955,2
1BRS_A_D,"KA25A,TD42A",5.7239251136779785,4.901736736297607,2
1BRS_A_D,"KA25A,ED74A",6.696013450622559,4.805291652679443,2
1BRS_A_D,"KA25A,ED78A",5.513151168823242,4.9165472984313965,2
1BRS_A_D,"RA57A,YD29A",8.122605323791504,2.7526402473449707,2
1BRS_A_D,"RA57A,DD35A",6.334464073181152,6.354773044586182,2
1BRS_A_D,"RA57A,WD38F",6.2779974937438965,3.1664531230926514,2
1BRS_A_D,"RA57A,TD42A",6.820855617523193,3.0395193099975586,2
1BRS_A_D,"RA57A,ED74A",4.970293045043945,1.8361153602600098,2
1BRS_A_D,"RA57A,ED78A",5.201466083526611,1.663862705230713,2
1BRS_A_D,"RA81Q,YD29A",8.29304313659668,2.7707483768463135,2
1BRS_A_D,"RA81Q,DD35A",9.605664253234863,5.536752223968506,2
1BRS_A_D,"RA81Q,WD38F",6.758434295654297,1.4813859462738037,2
1BRS_A_D,"RA81Q,DD39A",6.439105033874512,4.387197971343994,2
1BRS_A_D,"RA81Q,TD42A",6.107559680938721,2.656475305557251,2
1BRS_A_D,"RA81Q,ED74A",6.721075534820557,2.318859100341797,2
1BRS_A_D,"RA81Q,ED78A",5.764044761657715,2.3106284141540527,2
1BRS_A_D,"RA85A,YD29A",8.052824974060059,3.8469350337982178,2
1BRS_A_D,"RA85A,WD38F",7.040988922119141,3.3019959926605225,2
1BRS_A_D,"RA85A,DD39A",7.185323715209961,3.9929986000061035,2
1BRS_A_D,"RA85A,TD42A",7.020199298858643,3.5359373092651367,2
1BRS_A_D,"RA85A,ED74A",6.866451263427734,2.754697322845459,2
1BRS_A_D,"RA85A,ED78A",6.126986026763916,2.8236329555511475,2
1BRS_A_D,"HA100A,YD29A",6.306902885437012,6.308840751647949,2
1BRS_A_D,"HA100A,YD29F",5.549701690673828,5.539870738983154,2
1BRS_A_D,"HA100A,WD38F",7.6421685218811035,4.742542266845703,2
1BRS_A_D,"HA100A,DD39A",8.991339683532715,5.937035083770752,2
1BRS_A_D,"HA100A,TD42A",8.135626792907715,5.231390476226807,2
1BRS_A_D,"HA100A,ED74A",7.5630574226379395,5.953364849090576,2
1BRS_A_D,"HA100A,ED78A",6.745120525360107,5.892665386199951,2
1BRS_A_D,"RA57A,DD39A",11.361334800720215,4.740274429321289,2
1BRS_A_D,EA71Q,1.452102780342102,-0.03381951153278351,2
1BRS_A_D,"EA71Q,DD39A",7.207326889038086,1.4414063692092896,2
1BRS_A_D,"EA71Q,ED74A",3.527010917663574,0.35824429988861084,2
1BRS_A_D,EA71W,1.657254934310913,-0.9179776310920715,2
1BRS_A_D,"EA71W,DD39A",6.665239334106445,0.3858603239059448,2
1BRS_A_D,"EA71W,DD35A",5.712494850158691,0.5319356322288513,2
1BRS_A_D,"EA71W,ED74A",3.549654960632324,-0.6602157950401306,2
1BRS_A_D,EA71Y,2.41373348236084,-1.014449119567871,2
1BRS_A_D,EA71F,2.2351796627044678,-1.0233702659606934,2
1BRS_A_D,"EA71F,DD39A",7.471730709075928,0.4509715437889099,2
1BRS_A_D,"EA71F,DD35A",6.410199165344238,0.17160893976688385,2
1BRS_A_D,EA71C,2.528761625289917,-0.040011100471019745,2
1BRS_A_D,EA71S,3.0104880332946777,0.6146613955497742,2
1BRS_A_D,EA71A,2.3477189540863037,0.9450533390045166,2
1BRS_A_D,"EA71A,DD39A",7.185323715209961,2.862048625946045,2
1BRS_A_D,"EA71A,DD35A",6.440232276916504,3.916560649871826,2
1BRS_A_D,RA57K,2.488123655319214,0.9169299006462097,2
1BRS_A_D,RA57A,4.635371685028076,1.6798081398010254,2
1BRS_A_D,HA100Q,4.550590991973877,4.820258617401123,2
1BRS_A_D,HA100D,4.550590991973877,3.287137746810913,2
1BRS_A_D,HA100G,6.820855617523193,3.204192638397217,2
1BRS_A_D,HA100A,6.912182331085205,6.087915897369385,2
1BRS_A_D,HA100L,7.666353225708008,3.384331226348877,2
1BRS_A_D,"HA100Q,RA57K",6.912182331085205,4.93902063369751,2
1BRS_A_D,"HA100Q,RA57A",9.308979034423828,5.31657075881958,2
1B2S_A_D,AA27K,-3.866295337677002,-3.9575459957122803,2
1B2S_A_D,AD43T,-0.34297576546669006,-0.5790780186653137,2
1B2S_A_D,"AA27K,AD43T",-5.7239251136779785,-4.298886775970459,2
1BRS_A_D,DD35A,4.06963586807251,4.183012962341309,2
1BRS_A_D,DD39A,5.935123443603516,3.2442891597747803,2
1BRS_A_D,ED74A,0.8235527276992798,0.8366602063179016,2
1BRS_A_D,ED78A,0.4106564223766327,0.4305741786956787,2
1X1X_A_D,AD76E,-0.8235527276992798,-0.7704992890357971,2
1BRS_A_D,KA25A,5.4092631340026855,4.892567157745361,2
1BRS_A_D,WA33F,1.408076524734497,0.01669265329837799,2
1BRS_A_D,DA52A,-0.8888193368911743,1.4134304523468018,2
1BRS_A_D,NA56A,3.0663626194000244,0.09445200860500336,2
1BRS_A_D,RA57A,5.18367338180542,1.6798081398010254,2
1BRS_A_D,EA58A,-0.32587605714797974,1.2961734533309937,2
1BRS_A_D,EA71A,1.897843837738037,0.9450533390045166,2
1BRS_A_D,RA85A,5.952121257781982,2.8543992042541504,2
1BRS_A_D,HA100A,6.2547607421875,6.087915897369385,2
1BRS_A_D,KA25A,4.587950229644775,4.892567157745361,2
1BRS_A_D,WA33F,1.1124482154846191,0.01669265329837799,2
1BRS_A_D,DA52A,-0.16740736365318298,1.4134304523468018,2
1BRS_A_D,NA56A,3.115762233734131,0.09445200860500336,2
1BRS_A_D,RA57A,4.890589714050293,1.6798081398010254,2
1BRS_A_D,EA58A,0.5148631930351257,1.2961734533309937,2
1BRS_A_D,EA71A,2.813122510910034,0.9450533390045166,2
1BRS_A_D,HA100A,6.076370716094971,6.087915897369385,2
1SBB_A_B,LB20T,-0.09132687747478485,0.0883583277463913,2
1SBB_A_B,VB26Y,-1.4554979801177979,-0.9583600163459778,2
1SBB_A_B,YB91V,0.07911093533039093,0.5914142727851868,2
1JCK_A_B,TB20A,1.654841661453247,1.3301339149475098,2
1JCK_A_B,YB26A,1.774827480316162,2.139765977859497,2
1JCK_A_B,NB60A,1.6426256895065308,0.3100064992904663,2
1JCK_A_B,YB90A,2.5961403846740723,2.5532474517822266,2
1JCK_A_B,VB91A,2.232905387878418,0.6856509447097778,2
1JCK_A_B,KB103A,0.6766378879547119,0.26029348373413086,2
1JCK_A_B,FB176A,2.1339337825775146,0.6675005555152893,2
1SBB_A_B,LB20T,-0.10801676660776138,0.0883583277463913,2
1SBB_A_B,VB26Y,-0.9060932397842407,-0.9583600163459778,2
1SBB_A_B,YB91V,0.09132687747478485,0.5914142727851868,2
1SBB_A_B,"LB20T,VB26Y,YB91V",0.13220183551311493,-0.3623315691947937,2
1JCK_A_B,TB20A,1.3232961893081665,1.3301339149475098,2
1JCK_A_B,NB23A,2.077467203140259,1.1139507293701172,2
1JCK_A_B,YB26A,1.747893214225769,2.139765977859497,2
1JCK_A_B,NB60A,1.0159357786178589,0.3100064992904663,2
1JCK_A_B,YB90A,2.077467203140259,2.5532474517822266,2
1JCK_A_B,VB91A,1.9302657842636108,0.6856509447097778,2
1JCK_A_B,GB102A,0.013021446764469147,0.5055301785469055,2
1JCK_A_B,KB103A,0.1295628547668457,0.26029348373413086,2
1JCK_A_B,FB176A,1.787848949432373,0.6675005555152893,2
1JCK_A_B,QB210A,2.077467203140259,1.802527904510498,2
2HLE_A_B,KA141Q,-0.4106564223766327,0.7706524729728699,2
2HLE_A_B,LA87R,2.287297010421753,1.6085549592971802,2
1AHW_AB_C,"TC110A,KC111A",0.6391429305076599,0.5262099504470825,2
1AHW_AB_C,"KC138A,DC139A",1.1820012331008911,0.9894868731498718,2
1AHW_AB_C,"IC141Q,TC143I,YC145T",3.977485179901123,0.9713868498802185,2
1AHW_AB_C,YC145A,3.8070473670959473,1.5024480819702148,2
1AHW_AB_C,YC146A,-1.8898556232452393,1.2765250205993652,2
1AHW_AB_C,"KC154A,KC155A",-1.3303074836730957,2.3851776123046875,2
1AHW_AB_C,TC156A,-0.07415315508842468,1.623909592628479,2
1AHW_AB_C,"KC158A,NC160A,NC162A",4.074826717376709,1.348717212677002,2
1AHW_AB_C,TC159A,1.1062660217285156,1.0340731143951416,2
1AHW_AB_C,LC165A,0.9873782992362976,0.6659780144691467,2
1AHW_AB_C,DC167A,-0.4848095774650574,0.7133049368858337,2
1AHW_AB_C,"SC184A,RC185A",4.018360137939453,1.9198691844940186,2
1AHW_AB_C,TC186A,1.346484661102295,-0.05996457487344742,2
1AHW_AB_C,VC187A,-0.3143717646598816,0.4608566164970398,2
1AHW_AB_C,NC188A,1.0787051916122437,0.5839301943778992,2
1AHW_AB_C,"RC189A,KC190A",4.018360137939453,3.1950435638427734,2
1EFN_A_B,"TA13H,EA14H",0.9839035272598267,0.29403406381607056,2
1EFN_A_B,TA13H,1.2435485124588013,0.49756890535354614,2
1EFN_A_B,IA12A,1.4510266780853271,2.2963955402374268,2
2HRK_A_B,TB55V,0.6242006421089172,1.632812261581421,2
2HRK_A_B,TA108V,0.7210696935653687,1.167224407196045,2
2HRK_A_B,KA140A,0.9535146951675415,0.5516985654830933,2
2VLP_A_B,AB54R,-1.6664471626281738,-0.677889347076416,2
2VLQ_A_B,AB86F,-3.880681037902832,-2.053298234939575,2
1FR2_A_B,AA39E,-2.0840137004852295,-1.3045114278793335,2
1KIR_AB_C,SA50Y,-1.3877153396606445,-1.9078811407089233,2
2O3B_A_B,EB24A,5.474915027618408,0.043457284569740295,2
2O3B_A_B,EB24D,0.5993249416351318,-0.6852355599403381,2
2O3B_A_B,EB24Q,5.3983635902404785,-0.2790849506855011,2
2O3B_A_B,QB74A,3.232964515686035,0.05370567739009857,2
2O3B_A_B,DB75E,5.437874794006348,0.0493965744972229,2
2O3B_A_B,DB75N,5.903257846832275,0.43852823972702026,2
2O3B_A_B,WB76A,4.073703765869141,1.3608677387237549,2
2O3B_A_B,"QB74A,WB76A",5.755609512329102,1.8224600553512573,2
2J0T_A_D,VD4A,0.0,0.18740633130073547,2
2J0T_A_D,VD4I,1.6426256895065308,0.19096170365810394,2
2J0T_A_D,VD4K,1.8245233297348022,0.7837777733802795,2
2J0T_A_D,VD4S,0.9824205040931702,-0.15005993843078613,2
2J0T_A_D,SD68A,2.1063730716705322,0.9611627459526062,2
2J0T_A_D,SD68E,2.185483932495117,1.1569108963012695,2
2J0T_A_D,SD68R,2.8363590240478516,0.5086827874183655,2
2J0T_A_D,SD68Y,2.97835373878479,0.5040990114212036,2
2J0T_A_D,TD2L,2.6821537017822266,0.6992732882499695,2
2J0T_A_D,"TD2L,VD4S",3.4705440998077393,0.4901721477508545,2
2J0T_A_D,"TD2L,VD4S,SD68A",5.2862467765808105,1.4175424575805664,2
2J0T_A_D,TD2R,5.046028137207031,0.6362707018852234,2
2J0T_A_D,TD2S,1.5944323539733887,0.27379149198532104,2
2J0T_A_D,"TD2S,VD4A",1.2502000331878662,0.4246932864189148,2
2J0T_A_D,"TD2S,VD4A,SD68Y",2.1472480297088623,1.0027694702148438,2
2J0T_A_D,"CD1S,FD12Y",4.200530052185059,0.45730191469192505,2
2J0T_A_D,TD2A,4.289029121398926,0.2003505378961563,2
2J0T_A_D,MD66A,1.6426256895065308,0.6216254830360413,2
2J0T_A_D,VD69I,0.7909240126609802,-0.12318664789199829,2
2J0T_A_D,VD69T,1.288435935974121,-0.16010184586048126,2
2J0T_A_D,"VD69A,AD103V",0.7013269662857056,0.01595991849899292,2
2J0T_A_D,CD70S,4.308547019958496,0.37137269973754883,2
4CPA_A_I,PI35G,2.5961403846740723,-0.3957903981208801,2
4CPA_A_I,YI36G,0.5019832849502563,1.5134210586547852,2
4CPA_A_I,YI36F,0.0,-0.28322315216064453,2
4CPA_A_I,VI37G,3.734722137451172,0.5834957361221313,2
4CPA_A_I,VI37A,2.325532913208008,0.07061491906642914,2
4CPA_A_I,VI37L,1.2793906927108765,-0.5954511165618896,2
4CPA_A_I,VI37I,0.19934363663196564,-0.5256295204162598,2
4CPA_A_I,VI37F,0.0,-0.8252780437469482,2
1XD3_A_B,KB6A,1.3440860509872437,0.3141944408416748,2
1XD3_A_B,KB27A,-0.0624210461974144,3.4342117309570312,2
1XD3_A_B,RB42L,-0.8621878027915955,1.5083575248718262,2
1XD3_A_B,RB54L,0.8687343001365662,0.20451129972934723,2
1XD3_A_B,HB68N,0.0,0.32646483182907104,2
1XD3_A_B,RB72L,1.3017500638961792,0.15778805315494537,2
1XD3_A_B,RB74L,2.377732276916504,-1.7733070850372314,2
1XD3_A_B,EB24A,-0.2402186095714569,0.5661513209342957,2
1XD3_A_B,DB39A,-0.4106564223766327,0.6266523599624634,2
1XD3_A_B,EB51A,1.5346089601516724,0.029481947422027588,2
1XD3_A_B,DB52A,-0.2402186095714569,1.2358793020248413,2
1XD3_A_B,DB58A,-0.2402186095714569,0.2807099223136902,2
1XD3_A_B,KB6R,0.3026396632194519,-1.0148379802703857,2
1XD3_A_B,LB8A,2.6767921447753906,1.351370096206665,2
1XD3_A_B,KB11R,1.4024070501327515,0.17605465650558472,2
1XD3_A_B,KB27R,0.26598143577575684,0.20930339395999908,2
1XD3_A_B,KB33R,0.0,-0.2839716672897339,2
1XD3_A_B,IB44A,0.26598143577575684,1.7639226913452148,2
1MAH_A_F,FA285L,1.1491670608520508,-0.1180235892534256,2
1MAH_A_F,FA287I,1.9018551111221313,-0.8671942353248596,2
1MAH_A_F,FA287Y,0.7310582995414734,-0.11222255229949951,2
1MAH_A_F,FA328G,0.7310582995414734,0.62804114818573,2
1MAH_A_F,YA327A,0.35676002502441406,1.3300676345825195,2
1MAH_A_F,DA71N,1.7348718643188477,0.08930911123752594,2
1MAH_A_F,YA121Q,2.7729830741882324,0.8686222434043884,2
1MAH_A_F,YA69N,4.816024303436279,1.6126279830932617,2
1MAH_A_F,WA276R,8.13113021850586,1.1358134746551514,2
1MAH_A_F,"YA69N,YA121Q",6.1327738761901855,1.7777936458587646,2
1MAH_A_F,"YA121Q,WA276R",8.959454536437988,1.3806815147399902,2
1MAH_A_F,"YA69N,WA276R",10.734281539916992,2.3120932579040527,2
1MAH_A_F,"YA69N,YA121Q,WA276R",10.92611026763916,1.9436720609664917,2
1REW_AB_C,"DA19A,DB19A",0.6680910587310791,0.24665449559688568,2
1REW_AB_C,"WA20A,WB20A",1.087313175201416,2.1369845867156982,2
1REW_AB_C,"DA19A,WA20A,DB19A,WB20A",2.063082218170166,2.763045310974121,2
1REW_AB_C,"FA38A,FB38A",1.3641711473464966,3.5481090545654297,2
1REW_AB_C,"PA39A,PB39A",1.2945013046264648,-1.461672067642212,2
1REW_AB_C,"FA38A,PA39A,FB38A,PB39A",2.88371205329895,1.8363994359970093,2
1REW_AB_C,"HA28D,HB28D",0.1956523358821869,-0.2600060701370239,2
1REW_AB_C,"SA77A,SB77A",0.2032642513513565,0.1029091477394104,2
1REW_AB_C,"LA89A,LB89A",0.2399224489927292,1.0001230239868164,2
1REW_AB_C,"HA28D,SA77A,HB28D,SB77A",0.18339650332927704,0.04380720853805542,2
1REW_AB_C,"HA28D,LA89A,HB28D,LB89A",0.1187262311577797,0.0010543838143348694,2
1REW_AB_C,"AA23D,AB23D",0.0,-0.9861255288124084,2
1REW_AB_C,"DA42A,DB42A",-0.05195394158363342,-0.5621508955955505,2
1REW_AB_C,"EA98R,EB98R",0.26882827281951904,-0.2538011074066162,2
1REW_AB_C,"DA19A,AA23D,DB19A,AB23D",0.4761781692504883,-1.2279545068740845,2
1REW_AB_C,"AA23D,DA42A,AB23D,DB42A",-0.1839134246110916,-0.4887632727622986,2
1REW_AB_C,"DA42A,EA98R,DB42A,EB98R",0.043651580810546875,0.17096491158008575,2
1REW_AB_C,"WA17F,WB17F",0.6724210977554321,0.5818116664886475,2
1REW_AB_C,"LA40P,LB40P",5.307792663574219,3.9086685180664062,2
1REW_AB_C,"DA42A,DB42A",-0.06978079676628113,-0.5621508955955505,2
1REW_AB_C,"DA42P,DB42P",2.355921745300293,-0.5532792210578918,2
1REW_AB_C,"SA58R,SB58R",1.6668107509613037,0.2081855982542038,2
1REW_AB_C,"YA92A,YB92A",1.2152793407440186,1.7640583515167236,2
1REW_AB_C,QC55A,2.6585614681243896,0.49217236042022705,2
1REW_AB_C,"KC57R,SC59T,KC61I,AC62P,QC63H,LC64Q,TC67D",0.7299859523773193,0.6997706890106201,2
1REW_AB_C,"KC57R,SC59T,KC61I,AC62P,QC63H,LC64Q,TC67D,AC43T,MC47L,KC48G,YC49L",0.26777946949005127,-0.02862037718296051,2
1REW_AB_C,"KC57R,SC59T,KC61I,AC62P,QC63H,LC64Q,TC67D,AC43T,MC47L,KC48G,YC49L,GC11H,DC15E,AC30T,IC31M",1.1528583765029907,0.39581143856048584,2
3BK3_A_C,LC2A,0.0,0.27837055921554565,2
3BK3_A_C,LC2R,0.02633553557097912,0.4461894631385803,2
3BK3_A_C,IC3A,1.0386539697647095,0.37807244062423706,2
3BK3_A_C,IC3R,0.6508750319480896,0.15689405798912048,2
3BK3_A_C,TC4P,0.486391544342041,-0.07799028605222702,2
3BK3_A_C,TC6P,1.743019700050354,0.0651756227016449,2
3BK3_A_C,IC19A,0.486391544342041,0.6397885680198669,2
3BK3_A_C,IC19R,0.4239705204963684,0.5159106254577637,2
3BK3_A_C,IC22A,1.3077044486999512,0.7242869734764099,2
3BK3_A_C,IC22R,2.1215648651123047,-0.09625181555747986,2
3BK3_A_C,IC28A,1.2615159749984741,1.2185207605361938,2
3BK3_A_C,IC28R,1.1755025386810303,-0.45023995637893677,2
3BK3_A_C,AC37R,1.3827282190322876,-1.7331777811050415,2
1FC2_C_D,YC10W,0.4106564223766327,0.515426754951477,2
1FC2_C_D,IC12W,3.1389987468719482,-0.46783846616744995,2
1FC2_C_D,FC26W,0.0,0.15844841301441193,2
1FC2_C_D,LC40W,0.0,0.3589789867401123,2
1FC2_C_D,LC13D,1.4339518547058105,0.9102497100830078,2
1FC2_C_D,NC24A,0.6057023406028748,0.0050409212708473206,2
1FC2_C_D,FC26A,0.06347805261611938,1.283249020576477,2
1FC2_C_D,IC27A,5.276767253875732,1.763671636581421,2
1FC2_C_D,KC31A,1.526620626449585,1.5453177690505981,2
1FC2_C_D,LC13D,0.8213128447532654,0.9102497100830078,2
1FC2_C_D,NC24A,0.5822779536247253,0.0050409212708473206,2
1FC2_C_D,FC26A,-0.03615420684218407,1.283249020576477,2
1FC2_C_D,IC27A,2.185483932495117,1.763671636581421,2
1FC2_C_D,KC31A,1.2319692373275757,1.5453177690505981,2
1FC2_C_D,NC2F,-0.10801676660776138,0.09008224308490753,2
1FC2_C_D,NC7F,0.09132687747478485,-0.24436412751674652,2
1FC2_C_D,QC28K,0.17043781280517578,-0.07142848521471024,2
1FC2_C_D,NC2Q,0.0,0.4574737548828125,2
1FC2_C_D,QC28L,0.45807787775993347,-0.12767285108566284,2
1FC2_C_D,FC1M,0.9126397371292114,1.4903833866119385,2
1FC2_C_D,KC3D,1.0615314245224,0.4339931011199951,2
1FC2_C_D,YC10F,1.0276678800582886,0.3034149408340454,2
1FC2_C_D,NC24F,0.8454979062080383,-0.11742308735847473,2
3NPS_A_BC,QA23A,0.02633553557097912,-0.1894722729921341,2
3NPS_A_BC,IA26A,0.641829788684845,-0.3937499523162842,2
3NPS_A_BC,IA45A,-0.3319664001464844,0.01538434624671936,2
3NPS_A_BC,DA46A,0.34013882279396057,0.34668439626693726,2
3NPS_A_BC,DA47A,1.0679484605789185,1.6415514945983887,2
3NPS_A_BC,RA48A,-1.0632169246673584,1.6764153242111206,2
3NPS_A_BC,FA50A,0.21966907382011414,1.1129072904586792,2
3NPS_A_BC,RA51A,0.13823023438453674,0.11985839903354645,2
3NPS_A_BC,YA52A,0.45209214091300964,0.09542673826217651,2
3NPS_A_BC,RA82A,-0.15166330337524414,-0.055626675486564636,2
3NPS_A_BC,FA89A,1.5721080303192139,1.0045065879821777,2
3NPS_A_BC,NA90A,0.2535327076911926,0.5765524506568909,2
3NPS_A_BC,DA91A,1.5077089071273804,2.8454713821411133,2
3NPS_A_BC,FA92A,0.4637473225593567,1.5130314826965332,2
3NPS_A_BC,TA93A,0.724136471748352,1.2585384845733643,2
3NPS_A_BC,HA138A,1.8759315013885498,0.29537224769592285,2
3NPS_A_BC,QA140A,0.2958686947822571,0.6813675761222839,2
3NPS_A_BC,YA141A,1.7756685018539429,1.628216028213501,2
3NPS_A_BC,TA144A,0.175048366189003,0.7652390599250793,2
3NPS_A_BC,LA147A,0.2958686947822571,0.4276731014251709,2
3NPS_A_BC,EA163A,0.6156237125396729,0.36221957206726074,2
3NPS_A_BC,QA168A,-0.0592503547668457,0.392647385597229,2
3NPS_A_BC,QA169A,0.7412393689155579,1.1612598896026611,2
3NPS_A_BC,DA214A,1.4673998355865479,1.193669080734253,2
3NPS_A_BC,QA218A,-0.040935076773166656,0.975899875164032,2
3NPS_A_BC,RA219A,-0.08393942564725876,-0.13788571953773499,2
3NPS_A_BC,KA221A,-0.10365678369998932,1.1950182914733887,2
2FTL_E_I,TI11A,4.092513084411621,0.3538582921028137,2
2FTL_E_I,GI12A,4.392778396606445,1.3210121393203735,2
2FTL_E_I,PI13A,4.092513084411621,0.39776140451431274,2
2FTL_E_I,KI15A,10.159197807312012,9.865775108337402,2
2FTL_E_I,RI17A,4.092513084411621,-0.1894655078649521,2
2FTL_E_I,II18A,5.021842956542969,2.3585853576660156,2
2FTL_E_I,II19A,4.092513084411621,0.23993776738643646,2
2FTL_E_I,RI20A,4.092513084411621,0.0036506205797195435,2
2FTL_E_I,FI33A,4.092513084411621,0.8098301291465759,2
2FTL_E_I,VI34A,4.092513084411621,1.1093391180038452,2
2FTL_E_I,YI35A,4.092513084411621,1.6363914012908936,2
2FTL_E_I,GI36A,4.942731857299805,0.962938129901886,2
2FTL_E_I,GI37A,4.092513084411621,1.0577585697174072,2
2FTL_E_I,RI39A,4.092513084411621,-0.03138741850852966,2
2FTL_E_I,KI46A,4.092513084411621,-0.032582029700279236,2
2FTL_E_I,KI15G,12.352226257324219,10.679488182067871,2
2FTL_E_I,KI15A,10.638931274414062,9.865775108337402,2
2FTL_E_I,KI15S,7.723918437957764,10.329596519470215,2
2FTL_E_I,KI15V,11.756443977355957,9.008463859558105,2
2FTL_E_I,KI15T,10.59748363494873,10.718798637390137,2
2FTL_E_I,KI15D,11.502717971801758,10.549566268920898,2
2FTL_E_I,KI15N,8.03310489654541,9.405121803283691,2
2FTL_E_I,KI15M,7.692373275756836,7.730922222137451,2
2FTL_E_I,KI15I,11.171451568603516,8.868033409118652,2
2FTL_E_I,KI15L,8.864103317260742,6.59354829788208,2
2FTL_E_I,KI15E,9.424007415771484,9.97677993774414,2
2FTL_E_I,KI15Q,9.370643615722656,9.155479431152344,2
2FTL_E_I,KI15H,8.781781196594238,8.667227745056152,2
2FTL_E_I,KI15R,-0.5824391841888428,5.978512287139893,2
2FTL_E_I,KI15F,7.027210712432861,7.414955139160156,2
2FTL_E_I,KI15Y,6.8570098876953125,6.415217876434326,2
2FTL_E_I,KI15W,8.664118766784668,8.323760986328125,2
1A22_A_B,MA14A,0.0,0.11381939053535461,2
1A22_A_B,HA18A,-0.486391544342041,0.6789764761924744,2
1A22_A_B,HA21A,0.15543822944164276,1.0800633430480957,2
1A22_A_B,QA22A,-0.21983741223812103,-0.5754324197769165,2
1A22_A_B,FA25A,-0.44731462001800537,1.3833624124526978,2
1A22_A_B,DA26A,-0.21131277084350586,0.10315969586372375,2
1A22_A_B,QA29A,-0.5890467166900635,0.1256125122308731,2
1A22_A_B,YA42A,0.19934363663196564,1.438227653503418,2
1A22_A_B,LA45A,1.2245169878005981,2.6320748329162598,2
1A22_A_B,QA46A,0.10801676660776138,-0.20286373794078827,2
1A22_A_B,PA48A,0.4106564223766327,0.4814399480819702,2
1A22_A_B,SA51A,0.3482353687286377,0.42531818151474,2
1A22_A_B,EA56A,0.4106564223766327,0.4349951148033142,2
1A22_A_B,PA61A,1.2093250751495361,-0.1257503628730774,2
1A22_A_B,SA62A,0.15543822944164276,1.6306276321411133,2
1A22_A_B,NA63A,0.3143717646598816,1.5090564489364624,2
1A22_A_B,RA64A,1.6426256895065308,0.9610270857810974,2
1A22_A_B,EA65A,-0.4730774760246277,0.6557428240776062,2
1A22_A_B,QA68A,0.588454008102417,0.39087975025177,2
1A22_A_B,YA153A,0.3482353687286377,0.746435821056366,2
1A22_A_B,RA156A,0.27845457196235657,1.847064733505249,2
1A22_A_B,KA157A,-0.15484607219696045,1.1637847423553467,2
1A22_A_B,DA160A,0.7909240126609802,0.6294155716896057,2
1A22_A_B,KA161A,2.0150461196899414,1.6167198419570923,2
1A22_A_B,EA163A,-0.9246088266372681,1.855731725692749,2
1A22_A_B,TA164A,1.907029390335083,0.30292248725891113,2
1A22_A_B,FA165A,0.4106564223766327,2.7001953125,2
1A22_A_B,RA167A,2.4257025718688965,0.8121548295021057,2
1A22_A_B,IA168A,0.8063132762908936,1.9721839427947998,2
1A22_A_B,RA172A,0.5428582429885864,0.3823726773262024,2
1A22_A_B,EA175A,-0.011969134211540222,0.33955228328704834,2
1A22_A_B,RB11A,2.1162474155426025,1.2171717882156372,2
1A22_A_B,EB12A,1.6927218437194824,0.6790005564689636,2
1A22_A_B,RB29A,0.690199077129364,2.5481066703796387,2
1A22_A_B,RB30A,0.5358468890190125,1.2037990093231201,2
1A22_A_B,TB32A,0.11091385036706924,0.32806509733200073,2
1A22_A_B,QB33A,0.0,-0.2147945612668991,2
1A22_A_B,EB34A,-0.09423819184303284,0.21853984892368317,2
1A22_A_B,WB35A,0.5143008232116699,0.7365356087684631,2
1A22_A_B,WB39A,-0.017686447128653526,0.49909132719039917,2
1A22_A_B,SB57A,-0.05472675710916519,-0.10218295454978943,2
1A22_A_B,SB61A,-0.18216991424560547,0.46154648065567017,2
1A22_A_B,IB62A,1.607864499092102,0.4463609457015991,2
1A22_A_B,WB63A,4.731656074523926,1.1267387866973877,2
1A22_A_B,IB64A,1.9408929347991943,0.7362406849861145,2
1A22_A_B,PB65A,3.3057219982147217,0.9987947344779968,2
1A22_A_B,EB79A,-0.18216991424560547,0.23436219990253448,2
1A22_A_B,KB80A,0.08128507435321808,1.52860426902771,2
1A22_A_B,SB83A,0.274082213640213,0.9373605847358704,2
1A22_A_B,DB85A,0.9939247965812683,0.7231306433677673,2
1A22_A_B,EB86A,0.9706884026527405,0.8482198119163513,2
1A22_A_B,DB119A,1.4865336418151855,0.9877681136131287,2
1A22_A_B,IB120A,2.1307570934295654,0.5125154256820679,2
1A22_A_B,QB121A,0.017173724249005318,-0.4788752794265747,2
1A22_A_B,KB122A,-0.017686447128653526,0.3681803345680237,2
1A22_A_B,WB124A,4.731656074523926,1.2043830156326294,2
1A22_A_B,VB126A,-0.6170114278793335,0.0774434432387352,2
1A22_A_B,TB150A,-0.09423819184303284,0.3140479326248169,2
1A22_A_B,QB171A,0.8910936117172241,0.616678774356842,2
1A22_A_B,RB172A,0.274082213640213,0.8014832735061646,2
1A22_A_B,NB173A,0.29562830924987793,1.4103412628173828,2
1A22_A_B,SB174A,0.033863615244627,0.3056288957595825,2
1A22_A_B,EB10A,0.17908690869808197,1.0287843942642212,2
1A22_A_B,NB31A,0.274082213640213,1.0121092796325684,2
1A22_A_B,TB36A,0.20430143177509308,0.1929248869419098,2
1A22_A_B,FB55S,0.050096191465854645,1.025389313697815,2
1A22_A_B,TB60A,1.7616124153137207,0.5706139206886292,2
1A22_A_B,TB149A,0.20430143177509308,0.2020360380411148,2
1A22_A_B,KB170A,0.7853956818580627,0.8435158133506775,2
1A22_A_B,RB11L,0.5215702652931213,0.16399681568145752,2
1A22_A_B,RB11M,1.0003997087478638,0.44906193017959595,2
1A22_A_B,"NB31A,TB32A,QB33A,EB34A",-0.13657419383525848,1.4019522666931152,2
1A22_A_B,"NB31A,TB32A,QB33A,EB34A,WB35A,WB39A",0.16606545448303223,2.3194212913513184,2
1A22_A_B,"SB57A,SB61A",-0.5695899724960327,0.7793001532554626,2
1A22_A_B,"EB79A,KB80A",-0.34476056694984436,1.95619797706604,2
1A22_A_B,"QB121A,KB122A,VB126A",-0.8722296357154846,0.8654942512512207,2
1A22_A_B,"RB172A,NB173A",0.9025979042053223,1.5201184749603271,2
1A22_A_B,"QB171A,RB172A,NB173A",1.1035670042037964,1.4738929271697998,2
1A22_A_B,"SB57A,SB61A,EB79A,KB80A",-0.8954659700393677,2.321611166000366,2
1A22_A_B,"SB57A,SB61A,EB79A,KB80A,QB121A,KB122A,VB126A",-1.4000883102416992,2.3791985511779785,2
1A22_A_B,FB55S,-0.13220183551311493,1.025389313697815,2
1A22_A_B,"KB2A,KB5A",0.2402186095714569,-0.2990473508834839,2
1A22_A_B,"RB29A,RB30A,EB34A",0.9535146951675415,2.665912389755249,2
1A22_A_B,"DB78A,EB79A,KB80A",0.20982979238033295,1.9724230766296387,2
1A22_A_B,"DB107A,RB111A,EB113A",0.3143717646598816,0.27234113216400146,2
1A22_A_B,"RB116A,DB119A,KB122A",-0.0624210461974144,1.11587655544281,2
1A22_A_B,"EB138A,KB140A,KB142A,DB145A",0.1202327087521553,0.5133257508277893,2
1A22_A_B,"KB158A,DB160A,KB161A,EB162A,EB164A",1.1202380657196045,-0.06741851568222046,2
1A22_A_B,RB7A,0.26912444829940796,1.3990345001220703,2
1A22_A_B,EB10A,1.2319692373275757,1.0287843942642212,2
1A22_A_B,RB11A,0.27845457196235657,1.2171717882156372,2
1A22_A_B,EB12A,0.6508750319480896,0.6790005564689636,2
1A22_A_B,RB29A,0.4180161654949188,2.5481066703796387,2
1A22_A_B,RB30A,0.5993249416351318,1.2037990093231201,2
1A22_A_B,EB34A,-0.07911093533039093,0.21853984892368317,2
1A22_A_B,EB38A,-0.07911093533039093,0.4351743459701538,2
1A22_A_B,KB40A,0.1439339518547058,1.0446054935455322,2
1A22_A_B,EB41A,0.7830768823623657,0.10792060196399689,2
1A22_A_B,EB50A,0.17779755592346191,0.07081116735935211,2
1A22_A_B,KB69A,0.042846519500017166,1.2227427959442139,2
1A22_A_B,DB85A,0.9824205040931702,0.7231306433677673,2
1A22_A_B,EB86A,0.4106564223766327,0.8482198119163513,2
1A22_A_B,DB91A,1.0857164859771729,0.5726897716522217,2
1A22_A_B,EB128A,0.08280224353075027,0.29880058765411377,2
1A22_A_B,EB130A,-0.07911093533039093,-0.07207918167114258,2
1A22_A_B,KB134A,0.0,-0.40579575300216675,2
1A22_A_B,EB135A,0.19934363663196564,0.17268018424510956,2
1A22_A_B,KB158A,0.2402186095714569,-0.152793750166893,2
1A22_A_B,DB160A,-0.04618846997618675,0.1545594185590744,2
1A22_A_B,KB161A,0.19934363663196564,0.14999635517597198,2
1A22_A_B,EB162A,-0.07911093533039093,0.08776016533374786,2
1A22_A_B,EB164A,-0.0624210461974144,0.3386405110359192,2
1A22_A_B,RB166A,0.05646670609712601,0.7257658243179321,2
1A22_A_B,RB168A,-0.19052284955978394,1.0693047046661377,2
1A22_A_B,KB170A,0.4998636245727539,0.8435158133506775,2
1A22_A_B,RB172A,0.33154547214508057,0.8014832735061646,2
1A22_A_B,EB179A,0.10801676660776138,-0.4500809907913208,2
1A22_A_B,WB35A,0.5428582429885864,0.7365356087684631,2
1A22_A_B,WB39A,0.166723370552063,0.49909132719039917,2
1A22_A_B,WB63A,4.635371685028076,1.1267387866973877,2
1A22_A_B,WB63F,2.784808874130249,-0.45712530612945557,2
1A22_A_B,YB54A,0.19934363663196564,0.3392517566680908,2
1A22_A_B,PB9A,0.259645015001297,0.8681897521018982,2
1A22_A_B,SB15A,-0.01499958522617817,0.3148735761642456,2
1A22_A_B,TB19A,0.06978079676628113,0.14457105100154877,2
1A22_A_B,NB31A,-0.44104522466659546,1.0121092796325684,2
1A22_A_B,TB32A,-0.44104522466659546,0.32806509733200073,2
1A22_A_B,QB33A,-0.5810942649841309,-0.2147945612668991,2
1A22_A_B,TB36A,-0.2552182078361511,0.1929248869419098,2
1A22_A_B,QB37A,-0.4106564223766327,0.21969832479953766,2
1A22_A_B,NB56A,-0.2552182078361511,0.5581079721450806,2
1A22_A_B,SB57A,-0.327854186296463,-0.10218295454978943,2
1A22_A_B,SB58A,-0.5069410800933838,0.21542681753635406,2
1A22_A_B,FB59A,-0.01499958522617817,0.5819901823997498,2
1A22_A_B,TB60A,1.0857164859771729,0.5706139206886292,2
1A22_A_B,SB61A,0.4671231210231781,0.46154648065567017,2
1A22_A_B,IB62A,0.43246692419052124,0.4463609457015991,2
1A22_A_B,IB64A,0.13220183551311493,0.7362406849861145,2
1A22_A_B,PB65A,2.6268067359924316,0.9987947344779968,2
1A22_A_B,VB84A,1.1421831846237183,-0.05091746896505356,2
1A22_A_B,IB87A,0.588454008102417,0.4475076198577881,2
1A22_A_B,VB88A,-0.04618846997618675,0.9675619006156921,2
1A22_A_B,QB89A,-0.030388813465833664,0.5244433283805847,2
1A22_A_B,"FA25A,YA42A,QA46A",0.19052284955978394,2.3118648529052734,2
1A22_A_B,FA25A,-0.4314463436603546,1.3833624124526978,2
1A22_A_B,"YA42A,QA46A",0.2733250856399536,1.1754318475723267,2
1A22_A_B,"FA25A,YA42A,QA46A",0.20581859350204468,2.3118648529052734,2
1A22_A_B,FA25A,-0.3927019536495209,1.3833624124526978,2
1A22_A_B,"YA42A,QA46A",0.3062743544578552,1.1754318475723267,2
1A22_A_B,RB11A,2.1780316829681396,1.2171717882156372,2
1A22_A_B,EB12A,1.7777824401855469,0.6790005564689636,2
1A22_A_B,NB31A,0.17779755592346191,1.0121092796325684,2
1A22_A_B,TB32A,0.07762795686721802,0.32806509733200073,2
1A22_A_B,QB33A,0.0,-0.2147945612668991,2
1A22_A_B,EB34A,-0.12265188246965408,0.21853984892368317,2
1A22_A_B,WB35A,0.5773797631263733,0.7365356087684631,2
1A22_A_B,WB39A,0.0,0.49909132719039917,2
1A22_A_B,SB57A,-0.12265188246965408,-0.10218295454978943,2
1A22_A_B,SB61A,-0.2224189043045044,0.46154648065567017,2
1A22_A_B,IB62A,1.7777824401855469,0.4463609457015991,2
1A22_A_B,IB64A,1.9783879518508911,0.7362406849861145,2
1A22_A_B,CB67A,0.0,0.6766231656074524,2
1A22_A_B,EB79A,-0.2224189043045044,0.23436219990253448,2
1A22_A_B,KB80A,0.07762795686721802,1.52860426902771,2
1A22_A_B,CB81A,0.0,0.9349584579467773,2
1A22_A_B,SB83A,0.17779755592346191,0.9373605847358704,2
1A22_A_B,DB85A,0.9778892993927002,0.7231306433677673,2
1A22_A_B,EB86A,0.9778892993927002,0.8482198119163513,2
1A22_A_B,DB119A,1.5760760307312012,0.9877681136131287,2
1A22_A_B,IB120A,2.1780316829681396,0.5125154256820679,2
1A22_A_B,QB121A,0.0,-0.4788752794265747,2
1A22_A_B,KB122A,0.0,0.3681803345680237,2
1A22_A_B,VB126A,-0.7232534885406494,0.0774434432387352,2
1A22_A_B,TB149A,0.17779755592346191,0.2020360380411148,2
1A22_A_B,TB150A,-0.12265188246965408,0.3140479326248169,2
1A22_A_B,QB171A,0.8777795433998108,0.616678774356842,2
1A22_A_B,RB172A,0.17779755592346191,0.8014832735061646,2
1A22_A_B,NB173A,0.27845457196235657,1.4103412628173828,2
1A22_A_B,PA2A,-0.05472675710916519,0.01997317373752594,2
1A22_A_B,TA3A,-0.05472675710916519,0.05794548988342285,2
1A22_A_B,IA4A,0.4106564223766327,0.0770428329706192,2
1A22_A_B,PA5A,0.43623384833335876,0.014728114008903503,2
1A22_A_B,LA6A,0.6391429305076599,0.2968524098396301,2
1A22_A_B,SA7A,0.346296101808548,0.10540056228637695,2
1A22_A_B,RA8A,0.20430143177509308,0.031002789735794067,2
1A22_A_B,LA9A,-0.03591717779636383,0.49370741844177246,2
1A22_A_B,FA10A,1.0497993230819702,-0.04079955816268921,2
1A22_A_B,NA12A,0.0962846651673317,-0.19087101519107819,2
1A22_A_B,MA14A,0.46870511770248413,0.11381939053535461,2
1A22_A_B,LA15A,0.1527513712644577,-0.21946333348751068,2
1A22_A_B,RA16A,0.2402186095714569,-0.2672661542892456,2
1A22_A_B,HA18A,-0.2063549906015396,0.6789764761924744,2
1A22_A_B,RA19A,0.050096191465854645,-0.2654973864555359,2
1A22_A_B,FA54A,0.8793615102767944,0.16447046399116516,2
1A22_A_B,SA55A,0.11091385036706924,-0.12820422649383545,2
1A22_A_B,EA56A,0.8384865522384644,0.4349951148033142,2
1A22_A_B,SA57A,0.20430143177509308,0.14393167197704315,2
1A22_A_B,IA58A,1.6597994565963745,2.305424690246582,2
1A22_A_B,PA59A,0.3839247226715088,0.5635270476341248,2
1A22_A_B,SA62A,0.6391429305076599,1.6306276321411133,2
1A22_A_B,NA63A,0.7062847018241882,1.5090564489364624,2
1A22_A_B,RA64A,1.801238775253296,0.9610270857810974,2
1A22_A_B,EA65A,-0.3143717646598816,0.6557428240776062,2
1A22_A_B,EA66A,0.43623384833335876,0.3676808476448059,2
1A22_A_B,QA68A,0.9873782992362976,0.39087975025177,2
1A22_A_B,QA69A,-0.05472675710916519,-0.07336357235908508,2
1A22_A_B,KA70A,0.5215702652931213,0.3416261672973633,2
1A22_A_B,SA71A,0.4106564223766327,0.38268589973449707,2
1A22_A_B,LA73A,-0.2063549906015396,-0.017706163227558136,2
1A22_A_B,RA156A,-0.15893353521823883,1.847064733505249,2
1A22_A_B,KA157A,0.050096191465854645,1.1637847423553467,2
1A22_A_B,DA160A,1.1578161716461182,0.6294155716896057,2
1A22_A_B,KA161A,1.5432579517364502,1.6167198419570923,2
1A22_A_B,EA163A,-0.8954659700393677,1.855731725692749,2
1A22_A_B,TA164S,1.6907169818878174,0.4169727563858032,2
1A22_A_B,FA165A,1.6382533311843872,2.7001953125,2
1A22_A_B,RA167N,1.2699328660964966,1.298736810684204,2
1A22_A_B,IA168A,0.5897433161735535,1.9721839427947998,2
1A22_A_B,VA169A,0.0,0.2700941562652588,2
1A22_A_B,QA170A,0.274082213640213,0.42640548944473267,2
1A22_A_B,CA171A,1.019410490989685,-0.3120570778846741,2
1A22_A_B,RA172A,0.43623384833335876,0.3823726773262024,2
1A22_A_B,SA173A,-0.05472675710916519,-0.040859200060367584,2
1A22_A_B,VA174A,0.8793615102767944,0.17564517259597778,2
1A22_A_B,EA175A,-0.13657419383525848,0.33955228328704834,2
1A22_A_B,GA176A,0.346296101808548,0.05433313548564911,2
1A22_A_B,SA177A,-0.2063549906015396,0.20877312123775482,2
1A22_A_B,FA180A,0.19182829558849335,0.05040702968835831,2
1A22_A_B,IA58L,0.31641823053359985,1.7632302045822144,2
1A22_A_B,RA64K,-0.3143717646598816,-0.6261053681373596,2
1A22_A_B,FA165Y,1.2699328660964966,0.8820926547050476,2
1A22_A_B,RA167K,0.9535146951675415,0.5151585340499878,2
1A22_A_B,"NA12H,FA25L",0.8384865522384644,1.9257333278656006,2
1A22_A_B,"DA11A,MA14V,HA18Q,RA19H,FA25A,QA29K,EA33R",0.7471597194671631,3.2951009273529053,2
1A22_A_B,"NA12R,MA14V,LA15V,RA16L,RA19Y,FA25S,DA26E,QA29S,EA30Q,EA33K",1.398034691810608,1.7287925481796265,2
1A22_A_B,"NA12R,MA14V,LA15V,RA16L,RA19Y",1.6805893182754517,0.5343276262283325,2
1A22_A_B,"QA22N,FA25S,DA26E,QA29S,EA30Q,EA33K",-0.09423819184303284,1.2566349506378174,2
1A22_A_B,"QA46H,NA47D,PA48S,QA49E,LA52F",1.1820012331008911,-0.5007471442222595,2
1A22_A_B,"PA48A,TA50A,SA51A,LA52F",0.6024847030639648,0.31481093168258667,2
1A22_A_B,"EA56D,RA64M",2.0033140182495117,-0.6162570118904114,2
1A22_A_B,"SA57T,TA60A,SA62T,NA63G,RA64K,EA65D,TA67A,KA70R,NA72D,LA73V",1.6805893182754517,2.053043842315674,2
1A22_A_B,"FA54H,SA55T,EA56S,IA58L,PA59A,SA62E,NA63D,RA64K,EA66Q,TA67A,KA70M,SA71N,NA72Q,LA73K,EA74D",2.4967727661132812,1.100001573562622,2
1A22_A_B,"EA88G,QA91Y,FA92H,RA94T,SA95E",0.19182829558849335,0.12873585522174835,2
1A22_A_B,"FA97R,AA98G,NA99M,SA100Q,LA101D,VA102A,YA103P,GA104E",0.2630080282688141,1.3691668510437012,2
1A22_A_B,"NA109D,VA110D,DA112H",0.346296101808548,0.5775042176246643,2
1A22_A_B,"YA111V,LA113I,KA115E,DA116Q,EA118K,EA119R,QA122E,TA123G,GA126L,RA127I,EA129S",0.25172290205955505,1.1076979637145996,2
1A22_A_B,"RA127D,LA128V,EA129H",0.31641823053359985,0.027179241180419922,2
1A22_A_B,"RA156K,DA160H,IA168V,QA170K",1.9539144039154053,0.4757770895957947,2
1A22_A_B,"KA157A,EA163A",-0.7697627544403076,4.733160972595215,2
1A22_A_B,"RA64A,DA160A",3.3227505683898926,2.144160032272339,2
1A22_A_B,"KA161A,FA165A",3.7808284759521484,4.289656162261963,2
3NCB_A_B,AA167H,0.6862740516662598,-1.5599093437194824,2
3NCB_A_B,AA167H,-0.7340859770774841,-1.5599093437194824,2
3NCB_A_B,AA167H,-1.669722080230713,-1.5599093437194824,2
3NCB_A_B,AA167H,-1.445011854171753,-1.5599093437194824,2
3NCB_A_B,AA167H,-1.481518030166626,-1.5599093437194824,2
3NCB_A_B,AA167H,-1.8215218782424927,-1.5599093437194824,2
3NCB_A_B,AA167H,-1.6300702095031738,-1.5599093437194824,2
3NCB_A_B,AA167H,-1.6149024963378906,-1.5599093437194824,2
3NCB_A_B,AA167H,-1.5354089736938477,-1.5599093437194824,2
3NCB_A_B,AA167H,-0.26777946949005127,-1.5599093437194824,2
3NCB_A_B,AA167H,-0.7765509486198425,-1.5599093437194824,2
3NCB_A_B,AA167H,-1.0553276538848877,-1.5599093437194824,2
3NCB_A_B,AA167H,-1.7124065160751343,-1.5599093437194824,2
3NCB_A_B,AA167H,-2.0376904010772705,-1.5599093437194824,2
3NCB_A_B,AA167H,-2.2031702995300293,-1.5599093437194824,2
3NCB_A_B,AA167H,-2.0335617065429688,-1.5599093437194824,2
3NCB_A_B,AA167H,-2.455331325531006,-1.5599093437194824,2
3NCB_A_B,AA167H,-2.272951126098633,-1.5599093437194824,2
3NCB_A_B,AA167H,-2.2118194103240967,-1.5599093437194824,2
1GC1_G_C,KC1A,0.0624210461974144,0.33684879541397095,2
1GC1_G_C,KC2A,-0.01668989285826683,-0.08314386010169983,2
1GC1_G_C,KC7A,0.9978901147842407,0.2325526624917984,2
1GC1_G_C,KC8A,0.10526756942272186,-1.0291483402252197,2
1GC1_G_C,DC10A,0.0,0.12066423892974854,2
1GC1_G_C,TC11A,0.0,0.04446721076965332,2
1GC1_G_C,TC15A,0.3220660388469696,0.22505159676074982,2
1GC1_G_C,TC17A,-0.12810181081295013,-0.018971003592014313,2
1GC1_G_C,SC19A,0.0,-0.21897748112678528,2
1GC1_G_C,QC20A,-0.01668989285826683,-0.04533812403678894,2
1GC1_G_C,KC21A,-0.12810181081295013,0.3494887351989746,2
1GC1_G_C,KC22A,0.2402186095714569,0.604103147983551,2
1GC1_G_C,SC23A,0.2926822304725647,0.2129478007555008,2
1GC1_G_C,QC25A,0.032032232731580734,-0.6282256245613098,2
1GC1_G_C,HC27A,0.28255462646484375,0.43333810567855835,2
1GC1_G_C,KC29A,0.5362386107444763,0.49312931299209595,2
1GC1_G_C,NC30A,0.17043781280517578,0.46089619398117065,2
1GC1_G_C,SC31A,0.10526756942272186,-0.43879806995391846,2
1GC1_G_C,NC32A,0.1826537549495697,0.9276217818260193,2
1GC1_G_C,QC33A,0.10526756942272186,0.25938349962234497,2
1GC1_G_C,KC35A,0.3220660388469696,1.2033145427703857,2
1GC1_G_C,NC39A,0.465625137090683,0.797894299030304,2
1GC1_G_C,QC40A,-0.4106564223766327,0.3194577693939209,2
1GC1_G_C,SC42A,0.0,0.11708544194698334,2
1GC1_G_C,LC44A,1.0560202598571777,0.8746964335441589,2
1GC1_G_C,TC45A,-0.14889173209667206,1.6215612888336182,2
1GC1_G_C,KC46A,1.4310189485549927,0.9109364748001099,2
1GC1_G_C,SC49A,0.6111744046211243,0.1401718556880951,2
1GC1_G_C,KC50A,0.04742145910859108,-0.017560064792633057,2
1GC1_G_C,LC51A,1.234022855758667,0.8578241467475891,2
1GC1_G_C,NC52A,0.7083382606506348,0.298397958278656,2
1GC1_G_C,DC53A,0.3026396632194519,0.43974852561950684,2
1GC1_G_C,DC56A,-0.06978079676628113,1.2885029315948486,2
1GC1_G_C,RC58A,0.13220183551311493,1.0289825201034546,2
1GC1_G_C,RC59A,1.1759138107299805,2.0657525062561035,2
1GC1_G_C,SC60A,-0.08859037607908249,0.05985577404499054,2
1GC1_G_C,DC63A,-0.31932955980300903,1.607332706451416,2
1GC1_G_C,QC64A,0.44268864393234253,0.45737504959106445,2
1GC1_G_C,NC66A,-0.033863615244627,1.3242027759552002,2
1GC1_G_C,KC72A,-0.01668989285826683,-0.15437376499176025,2
1GC1_G_C,NC73A,-0.10801676660776138,0.3656266927719116,2
1GC1_G_C,KC75A,0.15796467661857605,0.47058719396591187,2
1GC1_G_C,EC77A,0.5622846484184265,0.5178751945495605,2
1GC1_G_C,YC82A,1.2906758785247803,2.108360767364502,2
1GC1_G_C,EC85A,1.3232961893081665,1.2940425872802734,2
1GC1_G_C,VC86A,-0.06978079676628113,0.07885386049747467,2
1GC1_G_C,EC87A,0.21785926818847656,0.30850470066070557,2
1GC1_G_C,DC88A,-0.06978079676628113,0.20509374141693115,2
1GC1_G_C,QC89A,0.17043781280517578,0.08010068535804749,2
1GC1_G_C,KC90A,0.04742145910859108,-0.23525403439998627,2
1GC1_G_C,EC91A,-0.12810181081295013,0.3033391833305359,2
1GC1_G_C,EC92A,0.016232576221227646,0.47081243991851807,2
1GC1_G_C,QC94A,-0.10801676660776138,-0.24479563534259796,2
1GC1_G_C,QC89L,-0.31092584133148193,-0.04224196821451187,2
1GC1_G_C,"QC40A,DC63A",-0.4992468059062958,0.401997447013855,2
1GC1_G_C,"QC40A,DC63A,QC89L",-0.8482471108436584,0.5916634798049927,2
1DAN_HL_UT,"WT40R,ST42G",1.4816070795059204,2.5334970951080322,2
1DAN_HL_UT,WT40A,1.5000076293945312,1.367801308631897,2
1DAN_HL_UT,ST42A,-0.1265324056148529,0.4728931784629822,2
1DAN_HL_UT,VT28A,-0.18582704663276672,0.6444794535636902,2
1DAN_HL_UT,YT46A,-0.1265324056148529,1.2393115758895874,2
1DAN_HL_UT,FT71A,1.10543692111969,1.191678524017334,2
1DAN_HL_UT,YT73A,0.6276386380195618,0.90108323097229,2
1DAN_HL_UT,PU2A,-0.18582704663276672,0.7258579730987549,2
1DAN_HL_UT,YU4A,0.31168490648269653,2.7128612995147705,2
1DAN_HL_UT,VT31A,-0.1265324056148529,1.0309261083602905,2
1DAN_HL_UT,QT32A,0.7290357351303101,1.0997107028961182,2
1DAN_HL_UT,IT33A,-0.1265324056148529,2.72255539894104,2
1DAN_HL_UT,GT38A,0.0646953359246254,-0.11443394422531128,2
1DAN_HL_UT,KT43A,0.9207224249839783,1.2326128482818604,2
1DAN_HL_UT,"CT44S,CT52S",-0.32587605714797974,1.3279173374176025,2
1DAN_HL_UT,TT55A,2.2240757942199707,1.2348605394363403,2
1DAN_HL_UT,"TT55A,FU50A",4.325087070465088,1.8548070192337036,2
1DAN_HL_UT,"TT55A,KT15A",3.0546562671661377,2.7334933280944824,2
1DAN_HL_UT,DT39A,1.3799108266830444,1.0824719667434692,2
1DAN_HL_UT,"DT39A,WT40A",1.5072107315063477,2.5280826091766357,2
1DAN_HL_UT,"DT39A,FU50A",3.1733052730560303,1.664316177368164,2
1DAN_HL_UT,"DT39A,KT15A",3.9962286949157715,2.4808526039123535,2
1DAN_HL_UT,"DT39A,DT53A",3.857964038848877,2.171630382537842,2
1DAN_HL_UT,"DT39A,TT55A",4.159247875213623,2.5638070106506348,2
1DAN_HL_UT,"DT39A,KT15A,FU50A",5.735138893127441,3.1019248962402344,2
1DAN_HL_UT,RH125A,0.7490248680114746,1.3081328868865967,2
1DAN_HL_UT,MH154A,0.7444849610328674,0.12533293664455414,2
1DAN_HL_UT,KH189A,-0.18667039275169373,0.6544143557548523,2
1DAN_HL_UT,LH135A,0.01579965651035309,0.6479071378707886,2
1DAN_HL_UT,KT15A,2.4386024475097656,1.7233343124389648,2
1DAN_HL_UT,DT39A,2.145008087158203,1.0824719667434692,2
1DAN_HL_UT,WT40A,2.371095895767212,1.367801308631897,2
1DAN_HL_UT,KT41A,0.8948080539703369,0.6278014183044434,2
1DAN_HL_UT,QU20A,1.305464506149292,0.06058979034423828,2
1DAN_HL_UT,RU45A,0.986134946346283,1.233530044555664,2
1DAN_HL_UT,FU50A,2.2154533863067627,0.8880566358566284,2
1DAN_HL_UT,VU113A,1.5698682069778442,0.37142592668533325,2
1DAN_HL_UT,ST11A,-0.12980671226978302,1.0064425468444824,2
1DAN_HL_UT,LT54A,0.0,3.631007194519043,2
1DAN_HL_UT,DT56A,0.2420443445444107,1.5335595607757568,2
1DAN_HL_UT,ET57A,0.0,1.022301435470581,2
1DAN_HL_UT,IT58A,0.0,0.9306579232215881,2
1DAN_HL_UT,VT59A,0.0,0.9061374068260193,2
1DAN_HL_UT,QT64A,0.0,0.1837155967950821,2
1DAN_HL_UT,LT67A,-0.059836238622665405,1.294567584991455,2
1DAN_HL_UT,EU15A,-0.059836238622665405,0.960921585559845,2
1DAN_HL_UT,TU16A,-0.059836238622665405,2.136615753173828,2
1DAN_HL_UT,NU17A,0.0,1.1515130996704102,2
1DAN_HL_UT,RU41A,0.0,0.57268226146698,2
1DAN_HL_UT,TU42A,0.0,2.392111301422119,2
1DAN_HL_UT,RU46A,-0.059836238622665405,0.2054753452539444,2
1DAN_HL_UT,NU48A,0.0,0.1875329166650772,2
1DAN_HL_UT,VU56A,0.19953952729701996,0.5631781816482544,2
1DAN_HL_UT,FU57A,-0.059836238622665405,0.9962285161018372,2
1DAN_HL_UT,YU67A,0.0,1.5923717021942139,2
1DAN_HL_UT,VU85A,0.10984250903129578,0.05549607425928116,2
1DAN_HL_UT,RU102A,0.46060433983802795,0.644256055355072,2
1DAN_HL_UT,TU103A,0.10984250903129578,0.17425592243671417,2
1DAN_HL_UT,VU104A,0.10984250903129578,0.25953710079193115,2
1DAN_HL_UT,NU105A,0.0,0.8089067339897156,2
3HFM_HL_Y,YY20A,4.878217697143555,3.2874207496643066,2
3HFM_HL_Y,NL32A,5.109632968902588,1.7716553211212158,2
3HFM_HL_Y,KY96A,6.991293430328369,3.9758853912353516,2
3HFM_HL_Y,NL31A,5.216465950012207,1.144925832748413,2
3HFM_HL_Y,"NL31A,KY96A",7.471730709075928,4.79717493057251,2
3HFM_HL_Y,NL31D,1.3440860509872437,-0.15482930839061737,2
3HFM_HL_Y,NL31E,5.709924697875977,0.1113792210817337,2
3HFM_HL_Y,YL50A,4.55963659286499,1.0614240169525146,2
3HFM_HL_Y,YL50L,4.395153045654297,0.8769939541816711,2
3HFM_HL_Y,YL50F,2.355921745300293,0.42905282974243164,2
3HFM_HL_Y,"YL50A,RY21A",6.369324207305908,2.7987213134765625,2
3HFM_HL_Y,"YL50F,RY21A",4.3327317237854,1.6642534732818604,2
3HFM_HL_Y,"YL50F,YY20A",6.226447105407715,2.2654919624328613,2
3HFM_HL_Y,"YL50A,KY96A",7.733495235443115,5.999410629272461,2
3HFM_HL_Y,"YL50A,KY97A",7.32283878326416,3.061967134475708,2
3HFM_HL_Y,KY97A,6.169980525970459,1.8864723443984985,2
3HFM_HL_Y,YH33A,6.037778854370117,4.014987468719482,2
3HFM_HL_Y,"YH33A,KY97A",7.231512069702148,3.9285595417022705,2
3HFM_HL_Y,WH98F,3.2470154762268066,0.7163132429122925,2
3HFM_HL_Y,"WH98F,YY20A",6.231808662414551,3.201690435409546,2
3HFM_HL_Y,WH98A,5.513151168823242,2.2947115898132324,2
3HFM_HL_Y,"WH98A,KY96A",7.733495235443115,4.947324275970459,2
3HFM_HL_Y,DH32A,1.8990768194198608,1.4740748405456543,2
3HFM_HL_Y,"DH32A,KY97A",4.594496726989746,1.5150110721588135,2
3HFM_HL_Y,"DH32N,KY97A",4.893741130828857,1.2409098148345947,2
3HFM_HL_Y,DH32N,0.17043781280517578,1.1941670179367065,2
3HFM_HL_Y,"DH32A,KY97M",1.1239525079727173,1.8736618757247925,2
3HFM_HL_Y,"DH32N,KY97M",0.3026396632194519,1.3560190200805664,2
3HFM_HL_Y,KY97M,1.0935636758804321,1.402341365814209,2
3HFM_HL_Y,RY21A,1.0276678800582886,1.4759023189544678,2
3HFM_HL_Y,SH31A,0.17043781280517578,0.3196359872817993,2
3HFM_HL_Y,YH50A,7.32283878326416,3.7561635971069336,2
3HFM_HL_Y,"YH50A,RY21A",7.944808006286621,3.869300603866577,2
3HFM_HL_Y,QL53A,0.9535146951675415,0.607524573802948,2
3HFM_HL_Y,YL96A,2.7082571983337402,1.1377453804016113,2
3HFM_HL_Y,"YL96A,RY21A",5.759324073791504,2.322831630706787,2
3HFM_HL_Y,"YL96F,RY21A",4.183840274810791,1.447301983833313,2
3HFM_HL_Y,YL96F,1.4024070501327515,0.08806337416172028,2
3HFM_HL_Y,YH53W,0.6948397159576416,-0.2692662477493286,2
3HFM_HL_Y,YH53F,0.6105332374572754,0.37434881925582886,2
3HFM_HL_Y,YH53L,0.7939297556877136,0.8750268816947937,2
3HFM_HL_Y,YH53A,3.1981747150421143,0.8455519080162048,2
3HFM_HL_Y,YH33W,1.7214642763137817,1.5443782806396484,2
3HFM_HL_Y,YH33F,1.05401611328125,1.044262170791626,2
3HFM_HL_Y,YH33L,1.974704384803772,2.1709814071655273,2
3HFM_HL_Y,YH50F,1.5841330289840698,0.9040847420692444,2
3HFM_HL_Y,YH50L,2.8030807971954346,1.5472381114959717,2
3HFM_HL_Y,YH58F,0.35729318857192993,0.5403808951377869,2
3HFM_HL_Y,YH58L,1.4893616437911987,1.133042812347412,2
3HFM_HL_Y,YH58A,1.649124264717102,1.831790566444397,2
3HFM_HL_Y,DY101G,0.19934363663196564,1.560633897781372,2
3HFM_HL_Y,DY101A,1.2087328433990479,1.211093783378601,2
3HFM_HL_Y,DY101N,1.3409347534179688,0.6170178055763245,2
3HFM_HL_Y,DY101S,1.7124065160751343,0.32982921600341797,2
3HFM_HL_Y,DY101Q,1.9302657842636108,0.7727654576301575,2
3HFM_HL_Y,DY101R,2.1230628490448,0.11067388951778412,2
3HFM_HL_Y,DY101E,1.9741711616516113,1.4648866653442383,2
3HFM_HL_Y,DY101F,2.1704843044281006,0.30094051361083984,2
3HFM_HL_Y,DY101K,1.9741711616516113,-0.0569889098405838,2
3HFM_HL_Y,RY21W,1.9741711616516113,-0.06832107901573181,2
3HFM_HL_Y,RY21Q,2.241950750350952,0.8332539796829224,2
3HFM_HL_Y,RY21E,2.2935006618499756,0.8032300472259521,2
3HFM_HL_Y,RY21G,2.2702643871307373,0.24346746504306793,2
3HFM_HL_Y,RY21N,2.1704843044281006,0.2508302330970764,2
3HFM_HL_Y,RY21H,2.0150461196899414,0.19691912829875946,2
3HFM_HL_Y,RY21K,1.619389295578003,0.012087032198905945,2
3HFM_HL_Y,NY19K,0.2402186095714569,0.23929406702518463,2
3HFM_HL_Y,NY19Q,-0.04250481724739075,0.2805889844894409,2
3HFM_HL_Y,NY19D,0.4106564223766327,-0.2701351046562195,2
3HFM_HL_Y,GY102V,0.2402186095714569,0.4089815020561218,2
3HFM_HL_Y,RY21G,2.5760552883148193,0.24346746504306793,2
3HFM_HL_Y,RY21A,0.8213128447532654,1.4759023189544678,2
3HFM_HL_Y,RY21N,2.488123655319214,0.2508302330970764,2
3HFM_HL_Y,RY21E,2.6155667304992676,0.8032300472259521,2
3HFM_HL_Y,RY21Q,2.555265426635742,0.8332539796829224,2
3HFM_HL_Y,RY21H,2.325532913208008,0.19691912829875946,2
3HFM_HL_Y,RY21M,2.0508084297180176,1.8280435800552368,2
3HFM_HL_Y,RY21K,1.9148765802383423,0.012087032198905945,2
3HFM_HL_Y,RY21W,2.2935006618499756,-0.06832107901573181,2
3HFM_HL_Y,KY97G,6.433435440063477,1.689253330230713,2
3HFM_HL_Y,KY97A,5.55808162689209,1.8864723443984985,2
3HFM_HL_Y,KY97D,6.771455764770508,1.2266309261322021,2
3HFM_HL_Y,KY97E,3.606121778488159,1.567086935043335,2
3HFM_HL_Y,KY97M,0.8012278079986572,1.402341365814209,2
3HFM_HL_Y,KY97R,3.054218292236328,-0.12792328000068665,2
3HFM_HL_Y,DY101G,0.5186731815338135,1.560633897781372,2
3HFM_HL_Y,DY101A,1.5346089601516724,1.211093783378601,2
3HFM_HL_Y,DY101S,2.0280675888061523,0.32982921600341797,2
3HFM_HL_Y,DY101N,1.6426256895065308,0.6170178055763245,2
3HFM_HL_Y,DY101E,2.2935006618499756,1.4648866653442383,2
3HFM_HL_Y,DY101Q,2.241950750350952,0.7727654576301575,2
3HFM_HL_Y,DY101K,2.276810884475708,-0.0569889098405838,2
3HFM_HL_Y,DY101F,2.488123655319214,0.30094051361083984,2
3HFM_HL_Y,DY101R,2.4387240409851074,0.11067388951778412,2
3HFM_HL_Y,YY20F,-0.5046222805976868,0.532705545425415,2
3HFM_HL_Y,KY96M,6.779980659484863,3.0929856300354004,2
3HFM_HL_Y,GY102V,0.5507054328918457,0.4089815020561218,2
3HFM_HL_Y,HY15A,-0.44551658630371094,0.4717699885368347,2
3HFM_HL_Y,YY20A,4.2734375,3.2874207496643066,2
3HFM_HL_Y,RY21A,0.8621878027915955,1.4759023189544678,2
3HFM_HL_Y,WY63A,0.31932955980300903,0.9533330798149109,2
3HFM_HL_Y,RY73A,-0.33154547214508057,1.155910849571228,2
3HFM_HL_Y,LY75A,0.7047714591026306,1.0234678983688354,2
3HFM_HL_Y,TY89A,0.0,0.886242687702179,2
3HFM_HL_Y,NY93A,0.21131277084350586,0.6557345986366272,2
3HFM_HL_Y,KY96A,6.489310264587402,3.9758853912353516,2
3HFM_HL_Y,IY98A,0.0,0.19807270169258118,2
3HFM_HL_Y,SY100A,0.26777946949005127,0.8663343191146851,2
3HFM_HL_Y,DY101A,0.9535146951675415,1.211093783378601,2
3HFM_HL_Y,YY20F,-0.4637473225593567,0.532705545425415,2
3HFM_HL_Y,YY20L,2.185483932495117,2.2920455932617188,2
3HFM_HL_Y,KY96R,5.355400085449219,-0.026854857802391052,2
1DAN_HL_UT,EU114A,-0.004828486125916243,0.028062164783477783,2
1DAN_HL_UT,VU113A,-0.18866854906082153,0.37142592668533325,2
1DAN_HL_UT,TU109A,0.13527154922485352,0.8759627342224121,2
1DAN_HL_UT,"KU107A,DU110A",0.042667556554079056,0.794065535068512,2
1DAN_HL_UT,"NU105A,RU106A",0.3999813199043274,0.8869882225990295,2
1DAN_HL_UT,"TU103A,VU104A",-0.14902915060520172,0.4031240940093994,2
1DAN_HL_UT,SU101A,-0.0028923668432980776,0.023491278290748596,2
1DAN_HL_UT,"SU101A,RU102A",0.6385655999183655,0.7079045176506042,2
1DAN_HL_UT,YU91A,-0.3298647701740265,0.39809906482696533,2
1DAN_HL_UT,"EU89A,NU90A",-0.09357527643442154,0.37759870290756226,2
1DAN_HL_UT,KU87A,0.017063796520233154,0.04199237376451492,2
1DAN_HL_UT,LU82A,0.07995188981294632,-0.06903441250324249,2
1DAN_HL_UT,"NU79A,EU80A",-0.02454584650695324,0.864246129989624,2
1DAN_HL_UT,TU78A,-0.025549152866005898,0.2688632607460022,2
1DAN_HL_UT,KU75A,0.1166100949048996,-0.0871669128537178,2
1DAN_HL_UT,TU73A,0.21198563277721405,0.5288376808166504,2
1DAN_HL_UT,"KU71A,KU72A",-0.23973791301250458,1.6675136089324951,2
1DAN_HL_UT,GU70R,-0.16279315948486328,-0.08441093564033508,2
1DAN_HL_UT,SU69A,0.02264423295855522,0.09584428369998932,2
1DAN_HL_UT,WU68F,0.12289611995220184,0.6500934362411499,2
1DAN_HL_UT,YU66L,0.15484607219696045,0.40416014194488525,2
1DAN_HL_UT,IU62A,0.17879411578178406,0.5041671395301819,2
1DAN_HL_UT,"KU59A,DU60A",-0.10151255130767822,-0.07455253601074219,2
1DAN_HL_UT,DU55A,-0.010675099678337574,0.3036603331565857,2
1DAN_HL_UT,RU54A,-0.0028923668432980776,0.4223579168319702,2
1DAN_HL_UT,FU50A,1.281753420829773,0.8880566358566284,2
1DAN_HL_UT,TU49A,-0.015591741539537907,0.4406052827835083,2
1DAN_HL_UT,"RU46A,NU47A,NU48A",0.206581249833107,0.1893398016691208,2
1DAN_HL_UT,RU45A,0.5193140506744385,1.233530044555664,2
1DAN_HL_UT,LU43A,-0.027560874819755554,0.9895362257957458,2
1DAN_HL_UT,"EU40A,RU41F",-0.021546082571148872,0.4810408353805542,2
1DAN_HL_UT,DU39A,-0.026554159820079803,0.38050127029418945,2
1DAN_HL_UT,EU38A,0.08580537885427475,0.40896373987197876,2
1DAN_HL_UT,KU32A,-0.12360850721597672,-0.05741424113512039,2
1DAN_HL_UT,"QU24A,EU27A",0.03364985063672066,0.6304211616516113,2
1DAN_HL_UT,"NU17A,QU20A",0.41449108719825745,0.8572749495506287,2
1DAN_HL_UT,"LU14A,EU15A",-0.4629063606262207,1.5562483072280884,2
1DAN_HL_UT,EU9A,-0.17558960616588593,-0.22094054520130157,2
1DAN_HL_UT,YU4A,1.024149775505066,2.7128612995147705,2
1DAN_HL_UT,KT63A,-0.07038220763206482,0.2523807883262634,2
1DAN_HL_UT,"KT63A,QT64A",-0.20611459016799927,0.06007165461778641,2
1DAN_HL_UT,"KT60A,DT61A",-0.5042316913604736,0.3606235384941101,2
1DAN_HL_UT,"DT56A,ET57A",0.3045600950717926,2.088715076446533,2
1DAN_HL_UT,DT53E,1.380299687385559,1.6372954845428467,2
1DAN_HL_UT,DT53A,1.9894969463348389,1.785620093345642,2
1DAN_HL_UT,"DT49A,ET51A",0.433300644159317,0.5294855833053589,2
1DAN_HL_UT,TT47A,0.40485748648643494,0.39691948890686035,2
1DAN_HL_UT,FT45A,0.4379112124443054,0.3428308367729187,2
1DAN_HL_UT,KT43A,0.41449108719825745,1.2326128482818604,2
1DAN_HL_UT,ST42A,0.043561823666095734,0.4728931784629822,2
1DAN_HL_UT,KT41A,0.23182405531406403,0.6278014183044434,2
1DAN_HL_UT,"KT41A,KT43A",1.1358543634414673,1.3849749565124512,2
1DAN_HL_UT,WT40F,1.2705957889556885,-0.18165789544582367,2
1DAN_HL_UT,DT39A,0.7350139021873474,1.0824719667434692,2
1DAN_HL_UT,ST37A,-0.0693001002073288,0.6193302869796753,2
1DAN_HL_UT,KT36A,0.32156944274902344,0.6167827248573303,2
1DAN_HL_UT,"KT36A,DT39A",1.5714305639266968,1.5033540725708008,2
1DAN_HL_UT,QT32A,0.5466929078102112,1.0997107028961182,2
1DAN_HL_UT,KT23A,0.1166100949048996,0.2054041475057602,2
1DAN_HL_UT,ET21A,0.10140793025493622,0.23928438127040863,2
1DAN_HL_UT,WT20F,0.6151982545852661,-0.1605733186006546,2
1DAN_HL_UT,ET19A,0.6578863859176636,-0.17194348573684692,2
1DAN_HL_UT,IT17A,0.6450760960578918,1.2080633640289307,2
1DAN_HL_UT,TT16A,-0.15900751948356628,0.8358533382415771,2
1DAN_HL_UT,KT15R,1.68574059009552,-0.5487163662910461,2
1DAN_HL_UT,KT15A,2.5879082679748535,1.7233343124389648,2
1DAN_HL_UT,NT13A,0.18021486699581146,1.3244941234588623,2
1DAN_HL_UT,TT12A,0.12054666876792908,1.7906572818756104,2
1DAN_HL_UT,KT10A,-0.397342324256897,0.30240780115127563,2
1DAN_HL_UT,WT9F,0.6917499899864197,-1.185170292854309,2
1F5R_A_I,KA129Q,-1.171373963356018,-0.8259825110435486,2
1CT2_E_I,TI13L,-3.2047202587127686,-3.543215036392212,2
1SGP_E_I,AI13L,-2.9891605377197266,-3.1872706413269043,2
1SGY_E_I,YI13L,-1.6760064363479614,-1.7624621391296387,2
2NU0_E_I,WI13L,-1.8652080297470093,-2.507265090942383,2
2NU2_E_I,RI13L,-3.366955280303955,-3.384566307067871,2
3QDG_ABC_DE,DD26W,-1.562268853187561,-1.8479430675506592,2
3QDG_ABC_DE,DD26Y,-1.7938382625579834,-1.2306346893310547,2
3QDG_ABC_DE,RD27W,0.5964834690093994,0.06952255964279175,2
3QDG_ABC_DE,LE95W,-0.70299232006073,-1.2424495220184326,2
3QDG_ABC_DE,FE97W,0.9345039129257202,0.3770628571510315,2
3QDG_ABC_DE,TE99F,-0.03865187615156174,-0.2895703911781311,2
3QDG_ABC_DE,GD28I,0.8663308620452881,-0.158218652009964,2
3QDG_ABC_DE,GD28L,1.3886055946350098,0.7576432824134827,2
3QDG_ABC_DE,GD28Y,1.5025767087936401,0.25350862741470337,2
3QDG_ABC_DE,RD27P,0.13840557634830475,0.1618918627500534,2
3QDG_ABC_DE,GD28P,1.091920256614685,0.8309093117713928,2
3QDG_ABC_DE,AE52P,-0.06589584797620773,0.1081908792257309,2
3QDG_ABC_DE,GD28N,0.8517016768455505,0.34524965286254883,2
3QDG_ABC_DE,FE97Y,1.3945599794387817,1.030203104019165,2
3QDG_ABC_DE,"DD26W,LE95W",-3.354782819747925,-2.533356189727783,2
3QDG_ABC_DE,"DD26Y,LE95W",-3.5434513092041016,-2.2979938983917236,2
4JFE_ABC_DE,AC7I,-6.429625511169434,-5.8684797286987305,2
4JFE_ABC_DE,"AC7I,EC1A",0.8932133316993713,0.46840739250183105,2
4JFE_ABC_DE,"AC7I,GC4A",0.08859037607908249,-1.298101544380188,2
4JFE_ABC_DE,"AC7I,GC6A",0.16564060747623444,-0.775510847568512,2
4JFE_ABC_DE,"AC7I,LC8A",-0.23073917627334595,-1.5177693367004395,2
4JFE_ABC_DE,"AC7I,TC9A",0.10482294857501984,-1.8531452417373657,2
1QSE_ABC_DE,RC7V,-1.225422739982605,0.39204442501068115,2
2BNR_ABC_DE,QA43A,0.08280224353075027,-0.11276309937238693,2
2BNR_ABC_DE,EA58A,0.0,0.10858254134654999,2
2BNR_ABC_DE,DA61A,-0.08978603780269623,0.36934471130371094,2
2BNR_ABC_DE,EA63A,0.33471086621284485,0.13605444133281708,2
2BNR_ABC_DE,TA64A,0.2714707851409912,0.6086522340774536,2
2BNR_ABC_DE,RA65A,1.8063724040985107,2.4913790225982666,2
2BNR_ABC_DE,KA66A,1.6893346309661865,1.0901297330856323,2
2BNR_ABC_DE,VA67A,0.3928016424179077,0.4581603407859802,2
2BNR_ABC_DE,KA68A,0.005528363399207592,0.9197012782096863,2
2BNR_ABC_DE,AA69G,1.8552099466323853,1.4739902019500732,2
2BNR_ABC_DE,HA70A,1.6957166194915771,1.6496622562408447,2
2BNR_ABC_DE,QA72A,-0.0962846651673317,0.8521206378936768,2
2BNR_ABC_DE,TA73A,1.285060167312622,1.3737139701843262,2
2BNR_ABC_DE,HA74A,0.9753251671791077,1.5905598402023315,2
2BNR_ABC_DE,RA75A,0.5308891534805298,1.5627751350402832,2
2BNR_ABC_DE,VA76A,0.6720904111862183,0.7051880955696106,2
2BNR_ABC_DE,TA80A,0.5354059338569641,0.30684542655944824,2
2BNR_ABC_DE,KA146A,0.6243711709976196,1.76131272315979,2
2BNR_ABC_DE,AA149G,0.018230730667710304,0.5077282786369324,2
2BNR_ABC_DE,AA150G,0.7368884086608887,0.4464506506919861,2
2BNR_ABC_DE,HA151A,0.5331518650054932,0.24836866557598114,2
2BNR_ABC_DE,VA152A,0.9033095836639404,0.544660747051239,2
2BNR_ABC_DE,EA154A,0.018230730667710304,0.2160717099905014,2
2BNR_ABC_DE,QA155A,0.2327662855386734,0.3757758140563965,2
2BNR_ABC_DE,TA163A,0.4586472809314728,0.17697955667972565,2
2BNR_ABC_DE,CC9V,-0.5019832849502563,-0.941905677318573,2
3HG1_ABC_DE,"SE50Y,VE51G,GE52P,IE53F",-1.5820304155349731,0.6746450662612915,2
3HG1_ABC_DE,"SE50W,VE51G,GE52P,IE53F",-1.774827480316162,0.46431249380111694,2
3HG1_ABC_DE,"SE50F,VE51G,GE52P,IE53Y",-2.026550531387329,0.9068602323532104,2
3HG1_ABC_DE,"SE50Y,VE51G,GE52P,IE53Y",-1.7309221029281616,0.9247007966041565,2
3HG1_ABC_DE,"SE50Y,VE51G,GE52P,IE53F,TE100M,EE102G,LE103W,FE104Q",-1.4907034635543823,-0.6414807438850403,2
3HG1_ABC_DE,"SE50Y,VE51G,GE52P,IE53F,GE99N,TE100L,EE102G,LE103W",-2.854874610900879,-0.22505518794059753,2
3HG1_ABC_DE,"SE50W,VE51G,GE52P,IE53F,TE100M,EE102G,LE103W,FE104Q",-2.2953264713287354,-0.6981043815612793,2
3HG1_ABC_DE,"SE50W,VE51G,GE52P,IE53F,GE99N,TE100L,EE102G,LE103W",-2.980065107345581,-0.07361743599176407,2
3LZF_AB_HL,DA187E,0.4985881447792053,0.16513215005397797,2
3LZF_AB_HL,DA222G,0.5380995869636536,0.27438002824783325,2
3LZF_AB_HL,"DA187E,DA222G",0.12744316458702087,0.2665603756904602,2
3Q8D_A_E,RA202A,0.45807787775993347,0.5213164687156677,2
3Q8D_A_E,RA202E,1.383597493171692,0.4915764331817627,2
3Q8D_A_E,RA209A,1.3232961893081665,1.4999486207962036,2
3Q8D_A_E,RA209E,3.0309817790985107,0.035767361521720886,2
3Q8D_A_E,FA227A,0.3026396632194519,1.5217881202697754,2
3Q8D_A_E,FA227D,3.0309817790985107,0.5647478699684143,2
3Q8D_A_E,RA228A,0.3591063618659973,0.2300499528646469,2
3Q8D_A_E,RA228E,1.2067546844482422,0.027594149112701416,2
3Q8D_A_E,RA131A,3.0309817790985107,0.12674087285995483,2
3Q8D_A_E,RA97A,0.45807787775993347,-0.3006604313850403,2
3Q8D_A_E,RA12A,0.3591063618659973,0.10653488337993622,2
4HFK_A_BD,RB22A,1.39213228225708,1.5187180042266846,2
4HFK_A_BD,LB45A,2.5254640579223633,2.1428685188293457,2
4HFK_A_BD,EB46A,1.1885719299316406,0.7869083285331726,2
4HFK_A_BD,SB48A,0.2015419900417328,-0.2694844603538513,2
4HFK_A_BD,NB49A,-0.020160991698503494,-0.0034819096326828003,2
4HFK_A_BD,LB50A,0.0300583578646183,-0.07768730819225311,2
4HFK_A_BD,EB56A,0.9423989653587341,0.9311934113502502,2
4HFK_A_BD,TD72A,1.850210189819336,0.6907461285591125,2
3KBH_A_E,DA20A,0.8734071850776672,0.2746849060058594,2
3KBH_A_E,YA23A,1.8127912282943726,1.3383444547653198,2
3KBH_A_E,YA23F,1.6158939599990845,0.41534334421157837,2
3KBH_A_E,YE17A,0.10001825541257858,1.4729235172271729,2
3KBH_A_E,SE54A,1.8573336601257324,1.2363364696502686,2
3KBH_A_E,SE54T,2.4906718730926514,0.16655561327934265,2
2AW2_A_B,PB16A,2.5755908489227295,0.13668066263198853,2
2AW2_A_B,YB22A,1.8850841522216797,1.6485061645507812,2
2AW2_A_B,VB35A,1.0963916778564453,0.5875895023345947,2
1BJ1_HL_VW,YH27A,2.243532657623291,2.0585625171661377,2
1BJ1_HL_VW,YH54A,1.328253984451294,1.594146966934204,2
1BJ1_HL_VW,TH59A,0.8510478734970093,1.3530189990997314,2
1BJ1_HL_VW,YH99A,4.440748691558838,2.4367575645446777,2
1BJ1_HL_VW,HH107A,0.7900062203407288,1.5795602798461914,2
1BJ1_HL_VW,"ML4L,TH28D,NH31H,HH101Y,SH105T",-1.7956174612045288,0.3085417151451111,2
1BJ1_HL_VW,"ML4L,TH28D,NH31H,HH101Y,SH105T",-1.4631426334381104,0.3085417151451111,2
1CZ8_HL_VW,"LL4M,DH28T,HH31N,YH101H,TH105S",1.7956174612045288,0.051664941012859344,2
1CZ8_HL_VW,"LL4M,DH28T,HH31N,YH101H,TH105S",2.8273136615753174,0.051664941012859344,2
1BJ1_HL_VW,"HH101Y,YH103R,SH105T",-1.1736482381820679,-0.08546897768974304,2
1BJ1_HL_VW,"HH101Y,SH105T",-1.3440860509872437,-0.7363460659980774,2
1BJ1_HL_VW,"HH101Y,YH103I,GH104A,SH105K",-0.4314463436603546,-0.4987126588821411,2
1BJ1_HL_VW,"HH101Y,YH103W,SH105T",-1.0414464473724365,-0.8477269411087036,2
1BJ1_HL_VW,"HH101Y,YH103R,GH104N,SH105T",-0.7629918456077576,-0.30361008644104004,2
1BJ1_HL_VW,YH54W,-0.13733132183551788,-0.23503033816814423,2
1BJ1_HL_VW,"TH28D,NH31H",-0.693211019039154,1.2477104663848877,2
1BJ1_HL_VW,"LH72V,TH74V",0.6709600687026978,0.7384688258171082,2
1BJ1_HL_VW,"LH72I,TH74K",0.07655175030231476,0.5802803635597229,2
1BJ1_HL_VW,"TH28D,NH31H,YH54W,HH101Y,SH105T",-1.204037070274353,0.40217626094818115,2
1BJ1_HL_VW,"TH28D,NH31H,HH101Y,SH105T",-1.7547425031661987,0.42563432455062866,2
1BJ1_HL_VW,TH28D,-0.22013357281684875,0.5002568364143372,2
1BJ1_HL_VW,NH31H,-0.7629918456077576,-0.3917946219444275,2
1BJ1_HL_VW,HH101Y,-1.584304690361023,-0.6428524255752563,2
1BJ1_HL_VW,SH105T,-0.39057138562202454,-0.01497330516576767,2
1BJ1_HL_VW,"HH101Y,YH103R,GH104D,SH105N",-0.995850682258606,-0.856483519077301,2
1CZ8_HL_VW,"LL4M,DH28T,HH31N,YH103R",0.6219692230224609,0.7402409911155701,2
1CZ8_HL_VW,"LL4M,DH28T,HH31N",0.45153138041496277,0.33894532918930054,2
1CZ8_HL_VW,"LL4M,DH28T,HH31N,TH105K,YH103I,GH104A",1.3641711473464966,0.3942795395851135,2
1CZ8_HL_VW,"LL4M,DH28T,HH31N,YH103W",0.7541710138320923,0.1790299415588379,2
1CZ8_HL_VW,"LL4M,DH28T,HH31N,YH103R,GH104N",1.032625675201416,0.6931034922599792,2
1CZ8_HL_VW,"LL4M,DH28T,HH31N,YH101H,TH105S,YH54W",1.6582860946655273,0.03640669584274292,2
1CZ8_HL_VW,"LL4M,YH101H,TH105S",1.10240638256073,0.7104910016059875,2
1CZ8_HL_VW,"LL4M,DH28T,HH31N,YH101H,TH105S,LH72V,TH74V",2.4665775299072266,0.4336552619934082,2
1CZ8_HL_VW,"LL4M,DH28T,HH31N,YH101H,TH105S,LH72I,TH74K",1.8721692562103271,0.44262129068374634,2
1CZ8_HL_VW,"LL4M,YH54W",0.5915803909301758,0.03533535450696945,2
1CZ8_HL_VW,LL4M,0.04087496176362038,0.2685677409172058,2
1CZ8_HL_VW,"LL4M,HH31N,YH101H,TH105S",1.5754839181900024,0.9005877375602722,2
1CZ8_HL_VW,"LL4M,DH28T,YH101H,TH105S",1.032625675201416,0.9708279967308044,2
1CZ8_HL_VW,"LL4M,DH28T,HH31N,TH105S",0.21131277084350586,-0.5375231504440308,2
1CZ8_HL_VW,"LL4M,DH28T,HH31N,YH101H",1.4050461053848267,0.7105213403701782,2
1CZ8_HL_VW,"LL4M,DH28T,HH31N,TH105N,YH103R,GH104D",0.7997667789459229,0.409736692905426,2
3BDY_HL_V,"DL28N,PL30A,RL31K,SL32T,YL57F,TL97S,TL98S",-0.9735997319221497,0.2229911834001541,2
3BDY_HL_V,"DL28N,PL30A,RL31K,SL32T,YL57F,TL97S,TL98S,KH31S,DH32G,TH55S,NH56E,GH101V,DH103V",-2.728342294692993,-0.4472604990005493,2
3BDY_HL_V,"DL28N,PL30A,RL31K,SL32T,TL97S,TL98S",-0.9535146951675415,-0.03089926391839981,2
3BDY_HL_V,"DL28N,PL30A,RL31K,SL32T,TL97S,TL98S,KH31S,DH32G,TH55S,NH56E,GH101V,DH103V",-2.671875476837158,-0.5858129858970642,2
3BDY_HL_V,"DL28N,PL30A,RL31K,SL32T,TL97S,TL98S,KH31S,DH32G,TH55S,NH56E,GH101V,DH103V,RH51A,RH60A",-2.728342294692993,0.5615388751029968,2
2NY7_HL_G,"WG13M,SG92T,WG181S,MG231A,CG14W,CG110V,CG27I,CG226Q",-0.3037257194519043,-0.08556518703699112,2
2NY7_HL_G,"WG13M,MG231A,CG14W,CG110V,CG27I,CG226Q",0.449248343706131,0.29086434841156006,2
2NY7_HL_G,"KG66C,EG103C,WG13M,MG231A,CG14W,CG110V,CG27I,CG226Q",0.3000297248363495,0.30530059337615967,2
2NY7_HL_G,"WG13M,MG231A,CG14W,CG110V",1.1579517126083374,0.42786455154418945,2
2NY7_HL_G,"KG66C,EG102C,WG13M,MG231A,CG14W,CG110V,CG27I,CG226Q",0.3999813199043274,0.48420971632003784,2
2NY7_HL_G,"GG229C,WG13M,MG231A,CG14W,CG110V,CG27I,CG226Q",0.2147209495306015,0.27903956174850464,2
2NY7_HL_G,"CG27I,CG226Q,MG231A",0.20328329503536224,0.12392695248126984,2
2NY7_HL_G,"CG27I,CG226Q",0.1998084932565689,-0.6146987080574036,2
2NY7_HL_G,"WG13M,MG231A,CG14W,CG110V,KG66C,EG102C",0.5512619614601135,0.4033527374267578,2
2NY7_HL_G,"KG66C,EG102C,CG27I,CG226Q",0.04087496176362038,-0.5997648239135742,2
2NY7_HL_G,"GG229C,MG231A",-0.37896695733070374,0.06746968626976013,2
2NZ9_DC_A,SA874A,-0.12034162133932114,-0.37257230281829834,2
2NZ9_DC_A,KA875A,0.5445982217788696,0.25596165657043457,2
2NZ9_DC_A,QA887A,0.09997596591711044,0.1976631134748459,2
2NZ9_DC_A,FA889A,-0.04996808245778084,0.7383391857147217,2
2NZ9_DC_A,NA890A,2.175600290298462,0.6762709617614746,2
2NZ9_DC_A,LA891A,2.2963976860046387,2.5248842239379883,2
2NZ9_DC_A,EA892A,2.790327548980713,1.9535869359970093,2
2NZ9_DC_A,KA895A,-0.3019140660762787,-0.3003602623939514,2
2NZ9_DC_A,FA925A,3.364515542984009,3.492433786392212,2
2NZ9_DC_A,NA926A,-0.1532640904188156,0.36181169748306274,2
2NZ9_DC_A,SA927A,-0.07911093533039093,-0.20376808941364288,2
2NZ9_DC_A,IA928A,0.06978079676628113,0.14145419001579285,2
2NZ9_DC_A,KA1028A,-0.008777227252721786,0.43901169300079346,2
2NZ9_DC_A,DA1030A,-0.03130663186311722,0.013877063989639282,2
2NZ9_DC_A,RA1033A,0.292977511882782,0.6553497910499573,2
2NZ9_DC_A,DA1034A,2.356466054916382,2.5932323932647705,2
2NZ9_DC_A,TA1035A,2.3874666690826416,2.1345698833465576,2
2NZ9_DC_A,HA1036A,7.473180770874023,6.368257999420166,2
2NZ9_DC_A,RA1266A,0.3929699659347534,0.5215265154838562,2
2NZ9_DC_A,"SD29K,DD30Y,HD31D",-0.04996808245778084,0.07643687725067139,2
3NGB_HL_G,TH33Y,0.08423155546188354,-0.9007516503334045,2
3NGB_HL_G,GH55S,0.7433762550354004,0.0890631377696991,2
3NGB_HL_G,AH57G,-0.056055422872304916,0.9672214388847351,2
3NGB_HL_G,VH58T,0.13793396949768066,1.450601577758789,2
3NGB_HL_G,PH63K,0.23262739181518555,0.5070739388465881,2
3NGB_HL_G,VH74T,0.16501310467720032,0.17927275598049164,2
3NGB_HL_G,YH75S,0.3327198326587677,0.3270381689071655,2
3NGB_HL_G,IH30T,0.07342666387557983,0.31369727849960327,2
3NGB_HL_G,KH52N,0.175048366189003,0.6512480974197388,2
3NGB_HL_G,RH54N,0.046471256762742996,0.13225261867046356,2
3NGB_HL_G,RH62Q,0.09659314900636673,0.8639853596687317,2
3NGB_HL_G,YL26S,0.651560366153717,0.35576850175857544,2
3NGB_HL_G,"AH57G,VH58T,PH63K,VH74T",1.6741704940795898,0.9764265418052673,2
3NGB_HL_G,"TH33Y,GH56S,AH57G,VH58T,PH63K,VH74T,YH75S",1.9390616416931152,0.8934376835823059,2
3NGB_HL_G,"IH30T,KH52N,RH54N,GH55S,AH57G,VH58T,RH62Q,PH63K,VH74T,YH75S,YL26S",0.8625305891036987,1.2844245433807373,2
3NGB_HL_G,"CH32S,CH102A",0.2591139078140259,-0.010574549436569214,2
1E50_A_B,DA8A,-0.4022527039051056,0.26526153087615967,2
1E50_A_B,NA11A,0.6784359216690063,0.16276110708713531,2
1E50_A_B,MA48A,1.3202656507492065,0.6035257577896118,2
1E50_A_B,NA51A,2.4327139854431152,0.3796624541282654,2
1E50_A_B,YA55A,0.9449900388717651,0.5700111985206604,2
1E50_A_B,SA56A,0.9783764481544495,0.7483896017074585,2
1E50_A_B,TA91A,1.513062834739685,1.6934250593185425,2
1E50_A_B,VA101A,-0.04390541464090347,1.3251230716705322,2
1E50_A_B,TA103A,2.185483932495117,0.6087287068367004,2
1E50_A_B,RB32A,1.774827480316162,0.6692643761634827,2
1E50_A_B,VB57A,0.0,0.27266359329223633,2
1E50_A_B,NB62A,0.9096092581748962,1.0382664203643799,2
1E50_A_B,SB64A,0.11502811312675476,0.14003156125545502,2
1E50_A_B,DA8A,-0.23009097576141357,0.26526153087615967,2
1E50_A_B,NA51A,1.407914400100708,0.3796624541282654,2
1E50_A_B,"DA52A,EA53A",0.3910408318042755,0.43930912017822266,2
1E50_A_B,YA55A,0.883733868598938,0.5700111985206604,2
1E50_A_B,RA84A,-0.1912277340888977,-0.06952754408121109,2
1E50_A_B,KA86M,0.32008570432662964,-0.28951895236968994,2
1E50_A_B,TA91A,1.0438679456710815,1.6934250593185425,2
1E50_A_B,NB62A,1.020007610321045,1.0382664203643799,2
1E50_A_B,NB99A,1.407914400100708,1.9294817447662354,2
4EKD_A_B,CA147R,-0.05646670609712601,-0.38306915760040283,2
4JGH_ABC_D,WD44A,2.049182891845703,0.5600520968437195,2
4KRO_A_B,RB15A,1.5840085744857788,1.683461308479309,2
4KRO_A_B,DB92A,1.5048975944519043,2.5160226821899414,2
4KRO_A_B,"DA321T,FA323A",0.12702755630016327,-0.033071666955947876,2
4KRP_A_B,EB105A,1.606764316558838,1.5632213354110718,2
4KRP_A_B,"DA277T,FA279A",0.358457088470459,-0.04147671163082123,2
4MYW_A_B,IB48A,2.573214054107666,2.420825481414795,2
4MYW_A_B,"TB31A,QB32A,EB93A,NB101A",-0.5298199653625488,0.006927721202373505,2
4RA0_A_C,"SC6G,GC61D,AC66V,RC101G",1.4830588102340698,1.0549731254577637,2
4RA0_A_C,"GC61D,AC66V,RC101G",1.5820304155349731,0.6615431904792786,2
4RA0_A_C,"SC6G,AC66V,RC101G",0.9792775511741638,0.9528366327285767,2
4RA0_A_C,"SC6G,GC61D,AC66V,RC101G",0.883733868598938,1.0549731254577637,2
4RA0_A_C,"SC6G,GC61D,AC66V",1.4648281335830688,0.6442069411277771,2
4RA0_A_C,"AC66V,RC101G",0.9535146951675415,0.5661666989326477,2
4RA0_A_C,"GC61D,AC66V,RC101G",0.6360629796981812,0.6615431904792786,2
4RA0_A_C,"GC61D,AC66V",1.5179190635681152,0.28839951753616333,2
4RA0_A_C,"SC6G,AC66V",0.9219698905944824,0.4425394535064697,2
4RA0_A_C,"SC6G,GC61D,AC66V",0.8267732858657837,0.6442069411277771,2
4RA0_A_C,"SC6G,AC66V,RC101G",0.44268864393234253,0.9528366327285767,2
4RA0_A_C,"SC6G,AC66V",0.6131264567375183,0.4425394535064697,2
4RA0_A_C,"GC61D,AC66V",0.6863617897033691,0.28839951753616333,2
4RA0_A_C,AC66V,0.9311553239822388,-0.04496581852436066,2
4RA0_A_C,RC101G,0.24748805165290833,0.23016370832920074,2
4X4M_AB_E,KE153A,0.6395467519760132,0.331213116645813,2
4X4M_AB_E,HE154A,0.38309553265571594,0.7992951273918152,2
4X4M_AB_E,RE155A,1.7401713132858276,0.8911731839179993,2
4X4M_AB_E,"KE153A,HE154A,RE155A",1.7881416082382202,1.6859017610549927,2
4X4M_AB_E,KE153E,0.9535146951675415,0.6690040230751038,2
4X4M_AB_E,HE154E,1.9851295948028564,0.2681003212928772,2
4X4M_AB_E,RE155E,0.641829788684845,1.3258106708526611,2
4RS1_A_B,"RB47A,EB48A,HB52A",-0.5465883016586304,1.4658081531524658,2
4RS1_A_B,"NB116A,SB117A,KB118A,RB119A",-0.046389494091272354,0.7916807532310486,2
4RS1_A_B,"LB146A,TB147A,SB148A",-0.2159343957901001,1.4396753311157227,2
4RS1_A_B,NB150A,-0.046389494091272354,0.414137601852417,2
4RS1_A_B,YB151A,-0.6558536291122437,1.2490270137786865,2
4RS1_A_B,YB151F,-0.4490576684474945,-0.2866041660308838,2
4RS1_A_B,TB172A,0.4807125926017761,0.2094394415616989,2
4RS1_A_B,KB174A,0.8712080121040344,0.018991008400917053,2
4RS1_A_B,IB175A,-0.2759808897972107,0.4096408486366272,2
4RS1_A_B,EB176A,-0.6945897936820984,0.6806127429008484,2
4RS1_A_B,"YB201A,YB206A",0.7209311723709106,0.06570793688297272,2
4RS1_A_B,QB202A,1.354171633720398,0.4205811023712158,2
4RS1_A_B,KB203A,0.27628159523010254,0.08859813213348389,2
4RS1_A_B,LB204A,0.07225450128316879,1.3194429874420166,2
4RS1_A_B,SB205A,0.6159898042678833,0.09270310401916504,2
4RS1_A_B,EA25A,1.5025767087936401,-0.09351804852485657,2
4RS1_A_B,EA25K,2.1401376724243164,-0.42891907691955566,2
4RS1_A_B,DA28A,2.5922298431396484,1.2000925540924072,2
4RS1_A_B,DA28K,3.6194357872009277,0.7824954986572266,2
4RS1_A_B,QA79A,0.4699510633945465,0.6603469252586365,2
4RS1_A_B,QA79E,1.2121529579162598,-0.2519798278808594,2
4RS1_A_B,DA92A,2.133366584777832,0.8169917464256287,2
4RS1_A_B,DA92K,3.2598674297332764,0.009205996990203857,2
4RS1_A_B,LA95A,2.365586757659912,0.8547554016113281,2
4RS1_A_B,FA99A,3.6263248920440674,1.5218393802642822,2
4RS1_A_B,"LA95A,FA99A",4.122901916503906,2.4884190559387207,2
4RS1_A_B,"EA25K,DA28K",4.122901916503906,-0.07197871804237366,2
4RS1_A_B,"EA25K,DA92K",4.122901916503906,-1.0833386182785034,2
4RS1_A_B,"DA28K,DA92K",4.122901916503906,0.3715667724609375,2
4RS1_A_B,EA88A,0.476552277803421,0.4738994240760803,2
4RS1_A_B,EA88Q,0.924957275390625,0.716681957244873,2
4RS1_A_B,EA88K,0.336503267288208,1.0583245754241943,2
4RS1_A_B,NA89D,0.29562830924987793,-0.9362779855728149,2
4RS1_A_B,NA89A,1.2900179624557495,-0.00951346755027771,2
4RS1_A_B,NA89K,0.9101451635360718,-0.7953067421913147,2
4RS1_A_B,KA91A,-0.11502811312675476,0.6806061863899231,2
4RS1_A_B,KA91Q,0.274082213640213,0.3992540240287781,2
4RS1_A_B,KA91E,0.12519049644470215,0.7200931310653687,2
4RS1_A_B,DA92N,1.4300669431686401,0.5957825779914856,2
4RS1_A_B,DA92A,1.7201007604599,0.8169917464256287,2
4RS1_A_B,DA92R,3.130221366882324,0.22458161413669586,2
4RS1_A_B,DA92K,3.977485179901123,0.009205996990203857,2
4RS1_A_B,IA6G,0.8562873601913452,1.003222107887268,2
4RS1_A_B,EA8R,0.39442384243011475,0.5504047274589539,2
4RS1_A_B,RA10D,0.17839030921459198,0.36487650871276855,2
4RS1_A_B,RA11D,0.19012241065502167,-0.0735718309879303,2
2REX_A_B,LA70Y,0.5577501058578491,-0.23753328621387482,2
2REX_A_B,YB97F,0.0,0.2691364884376526,2
3NGB_HL_G,IH30A,-0.002699102507904172,1.4462308883666992,2
3NGB_HL_G,TH33A,0.6958054304122925,0.3233824372291565,2
3NGB_HL_G,WH47A,1.1828622817993164,1.1327171325683594,2
3NGB_HL_G,WH50A,1.2710461616516113,1.8677562475204468,2
3NGB_HL_G,KH52A,0.6128783822059631,0.8167471289634705,2
3NGB_HL_G,RH54A,-0.2552182078361511,0.2285720258951187,2
3NGB_HL_G,GH55A,-1.2561542987823486,0.6486111283302307,2
3NGB_HL_G,GH56A,1.2452833652496338,0.958138644695282,2
3NGB_HL_G,VH58A,1.336610198020935,1.0801324844360352,2
3NGB_HL_G,NH59A,1.7387419939041138,1.3272504806518555,2
3NGB_HL_G,YH60A,0.5396178364753723,1.2977344989776611,2
3NGB_HL_G,RH62A,0.9798502326011658,1.2688424587249756,2
3NGB_HL_G,PH63A,-0.04183751717209816,0.5391074419021606,2
3NGB_HL_G,QH65A,-0.33492130041122437,0.6538967490196228,2
3NGB_HL_G,MH70A,0.5220298767089844,0.7506513595581055,2
3NGB_HL_G,RH72A,1.6168254613876343,1.0400688648223877,2
3NGB_HL_G,VH74A,1.070440649986267,0.11700703203678131,2
3NGB_HL_G,YH75A,-0.19612087309360504,0.4585428833961487,2
3NGB_HL_G,DH103A,0.058909811079502106,0.4188151955604553,2
3NGB_HL_G,YH104A,1.400721549987793,1.0256664752960205,2
3NGB_HL_G,NH105A,1.1006083488464355,-0.7442535758018494,2
3NGB_HL_G,WH106A,4.390828609466553,0.19759191572666168,2
3NGB_HL_G,VL1A,-0.7609419822692871,-0.2614298462867737,2
3NGB_HL_G,QL25A,-0.22690452635288239,0.17248286306858063,2
3NGB_HL_G,YL26A,0.9694560766220093,0.6153576970100403,2
3NGB_HL_G,SL28A,-0.1423875093460083,1.1229969263076782,2
3NGB_HL_G,YL87A,1.9902998208999634,-0.5065470337867737,2
3NGB_HL_G,EL88A,1.2987502813339233,1.6770644187927246,2
3NGB_HL_G,FL89A,0.8450669050216675,0.6110056042671204,2
3QHY_A_B,NB10A,2.2552647590637207,1.7057511806488037,2
3QHY_A_B,DB12A,2.2552647590637207,2.271726131439209,2
3QHY_A_B,WB13A,2.8636953830718994,1.618266224861145,2
3QHY_A_B,TB17A,0.05646670609712601,0.452217698097229,2
3QHY_A_B,YB33A,2.9032068252563477,3.1078619956970215,2
3QHY_A_B,FB34A,3.984496593475342,2.684931516647339,2
3QHY_A_B,LB51A,0.8163550496101379,0.4793826937675476,2
3QHY_A_B,NB72A,1.6057047843933105,1.6544426679611206,2
3QHY_A_B,YB73A,0.8012278079986572,1.1839570999145508,2
3QHY_A_B,DB91A,1.8893908262252808,2.1942708492279053,2
3QHY_A_B,WB112A,3.7898736000061035,3.5891785621643066,2
3QHY_A_B,DB127A,0.3802676200866699,1.3051514625549316,2
3QHY_A_B,SB129A,-0.08478038012981415,0.16378934681415558,2
3QHY_A_B,DB130A,0.961361825466156,0.10640932619571686,2
3QHY_A_B,YB151A,3.4235925674438477,3.6211330890655518,2
3QHY_A_B,DB166A,3.498105049133301,-0.21970082819461823,2
3QHY_A_B,YB168A,1.7433984279632568,1.6934683322906494,2
3QHY_A_B,FB169A,2.062467575073242,1.6810213327407837,2
3QHY_A_B,IB189A,3.067734956741333,2.8128128051757812,2
3QHY_A_B,FB190A,3.075479507446289,3.836984395980835,2
3QHY_A_B,YB208A,0.2402186095714569,0.5321984887123108,2
3QHY_A_B,EB228A,3.0129363536834717,1.8936991691589355,2
3QHY_A_B,WB229A,5.432499408721924,5.653676509857178,2
3QHY_A_B,RB246A,0.5349057912826538,0.6773360371589661,2
3QHY_A_B,NB264A,2.695870876312256,2.5284674167633057,2
5M2O_A_B,IB17A,2.026362180709839,1.121834397315979,2
5M2O_A_B,SB18A,0.047044701874256134,0.9176378846168518,2
5M2O_A_B,VB21A,2.4438414573669434,1.8010035753250122,2
5M2O_A_B,QB25A,1.144911289215088,0.4404758810997009,2
5M2O_A_B,KB32A,1.0636261701583862,0.3122484087944031,2
5M2O_A_B,QB61A,-0.15775099396705627,1.2464019060134888,2
5M2O_A_B,LB65A,0.8506515026092529,2.116960048675537,2
5M2O_A_B,"VB21A,QB25A",3.317598819732666,1.7571669816970825,2
5M2O_A_B,NA64A,0.0418534129858017,0.4439520835876465,2
5M2O_A_B,NA71A,0.15484607219696045,0.6106181144714355,2
5M2O_A_B,KA73A,-0.7570759654045105,0.4183802008628845,2
5M2O_A_B,LA75A,1.6270339488983154,1.6079620122909546,2
5M2O_A_B,EA80A,0.6998547911643982,-0.11715357005596161,2
5M2O_A_B,HA117A,0.8830339908599854,1.1444934606552124,2
5M2O_A_B,NA120A,0.44989702105522156,0.648756742477417,2
5M2O_A_B,"EA80A,HA117A",2.5299770832061768,1.3281197547912598,2
5M2O_A_B,"NA71A,HA117A",2.286818265914917,1.9237257242202759,2
5M2O_A_B,"NA71A,NA120A",2.4594626426696777,1.20497465133667,2
5M2O_A_B,"NA71A,EA80A",1.0289419889450073,0.5557859539985657,2
5M2O_A_B,"EA80A,HA117A",2.5299770832061768,1.3281197547912598,2
5M2O_A_B,"EA80A,NA120A",1.210966944694519,0.9116889238357544,2
5M2O_A_B,"HA117A,NA120A",2.338982105255127,2.327767848968506,2
1YCS_A_B,RA177H,-0.1188877522945404,0.10298573970794678,2
1YCS_A_B,"MA37L,VA107A,NA143Y,NA172D",-0.13897278904914856,0.14809897541999817,2
1YCS_A_B,"MA37L,VA107A,NA143Y,NA172D,VA47A",0.14287693798542023,0.44611746072769165,2
1YCS_A_B,"MA37L,VA107A,NA143Y,NA172D,RA153S,HA72R",0.5096279382705688,0.634878933429718,2
1YCS_A_B,"MA37L,VA107A,NA143Y,NA172D,FA174L",-0.18866854906082153,0.6534770131111145,2
1YCS_A_B,"MA37L,VA107A,NA143Y,NA172D,RA186W",0.051550064235925674,-0.3984898328781128,2
2KSO_A_B,KA10D,0.33154547214508057,0.4686048626899719,2
2KSO_A_B,KA49D,1.3409347534179688,-0.044209204614162445,2
2KSO_A_B,KA49E,1.3409347534179688,0.15508350729942322,2
2KSO_A_B,"KA10D,DB25K",0.38742002844810486,0.9437466263771057,2
2KSO_A_B,"KA10E,EB27K",0.6432303786277771,-0.3566240668296814,2
2KSO_A_B,"KA49D,DB36K",0.176107257604599,-0.629128634929657,2
2KSO_A_B,RA43E,-0.6623793244361877,-0.24340905249118805,2
2KSO_A_B,"RA43E,HB20R",-0.8213128447532654,-0.6067437529563904,2
2KSO_A_B,"RA43E,HB20E",0.45456182956695557,-0.7634827494621277,2
2KSO_A_B,HB20E,-0.15543822944164276,-0.5758181810379028,2
