chain,position,n_muts,wt,mean_correction,abs_correction,mean_error_base,mean_min_dist,rho_improvement,correct_direction
H,31,1,S,0.76686585,0.76686585,-0.14919817,2.4618356,,False
H,32,2,D,0.22120726,0.22120726,-0.2993636,3.6086016,,False
H,33,4,Y,0.6345906,0.6345906,0.5033386,3.0010107,,True
H,50,3,Y,0.7394161,0.7394161,1.8341888,2.5117633,,True
H,53,4,Y,0.95011884,0.95011884,0.867954,2.3114073,,True
H,58,3,Y,0.62314326,0.6231433,-0.0031450589,2.5502284,,False
H,98,2,W,0.5903211,0.5903211,2.8745708,2.7763479,,True
L,31,3,N,0.62644553,0.62644553,3.7230003,2.7439606,,True
L,32,1,N,0.34405375,0.34405375,3.3379776,3.243933,,True
L,50,3,Y,0.43525004,0.43525004,2.9810803,3.221166,,True
L,53,1,Q,0.45789474,0.45789474,0.34599012,2.5994,,True
L,96,2,Y,0.7276385,0.7276385,1.4424278,2.7763479,,True
Y,15,1,H,0.131657,0.131657,-0.9172866,3.1963985,,False
Y,19,3,N,-0.06532684,0.06532684,0.11954075,3.8700893,,False
Y,20,5,Y,0.3805451,0.38054514,0.08729428,3.179729,0.0,True
Y,21,18,R,0.88193685,0.8819369,1.4065012,2.5117633,0.0,True
Y,63,1,W,0.57160586,0.57160586,-0.6340035,3.3494418,,False
Y,73,1,R,0.4923892,0.4923892,-1.4874563,2.4618356,,False
Y,75,1,L,0.17328489,0.17328489,-0.31869644,3.6815495,,False
Y,89,1,T,0.07778716,0.07778716,-0.8862427,3.717707,,False
Y,93,1,N,0.67173356,0.67173356,-0.44442183,2.5994,,False
Y,96,4,K,0.5229031,0.5229031,3.6495209,2.7439606,,True
Y,97,8,K,0.62962246,0.62962246,2.819426,3.0010107,0.0,True
Y,98,1,I,0.5315074,0.5315074,-0.1980727,3.1748788,,False
Y,100,1,S,0.80414903,0.80414903,-0.59855485,2.8126733,,False
Y,101,19,D,0.99009675,0.99009675,1.0114408,2.3114073,0.0,True
Y,102,2,G,0.6472673,0.6472673,-0.013519481,2.5502284,,False
